date_set_id,analysis_region_sk,analysis_region_code,analysis_region_name,registered_bev_passenger_car_stock,registered_passenger_car_stock,bev_penetration_percent,in_service_registered_charging_facilities,in_service_registered_charging_points,in_service_registered_normal_charging_points,in_service_registered_fast_charging_points,in_service_registered_unclassified_charging_points,in_service_registered_facility_nominal_power_kw,in_service_registered_charging_points_per_1000_bevs,in_service_registered_fast_charging_points_per_1000_bevs,in_service_registered_charging_facilities_per_1000_bevs,in_service_registered_facility_nominal_power_kw_per_1000_bevs,quality_status,kba_reference_date,bnetza_reference_date,destatis_reference_date,kba_to_bnetza_lag_days,publication_state,date_set_label
ds_4d740680cd09d152a4b4b3d148b91a6cdd0e7157f2b152089f553c8a554ce17d,analysis_region_51b642a752871d58ac28957bd246b5a7f73d62cc1324ece248fc5120bc079225,01001,"FLENSBURG,STADT",2524,45918,5.4968,175,338,237,101,0,12978.000,133.9144,40.0158,69.3344,5141.8384,VALIDATED,2026-07-01,2026-09-01,2026-06-30,62,published,Core V1 source set - 2026 Q3
ds_4d740680cd09d152a4b4b3d148b91a6cdd0e7157f2b152089f553c8a554ce17d,analysis_region_3430100d7b5ce4c3b92fa6bdec399ade2fddf82d389a55debc3bf2e0c133fb64,01002,"KIEL,STADT",5212,112100,4.6494,312,582,442,140,0,24144.000,111.6654,26.8611,59.8619,4632.3868,VALIDATED,2026-07-01,2026-09-01,2026-06-30,62,published,Core V1 source set - 2026 Q3
ds_4d740680cd09d152a4b4b3d148b91a6cdd0e7157f2b152089f553c8a554ce17d,analysis_region_b9e6a95ab6b120a14554b0b8cd4f73d96f7184cfb037ce9b28915823023e039e,01003,"LUEBECK,STADT",4535,102961,4.4046,392,752,538,214,0,33941.000,165.8214,47.1885,86.4388,7484.2337,VALIDATED,2026-07-01,2026-09-01,2026-06-30,62,published,Core V1 source set - 2026 Q3
ds_4d740680cd09d152a4b4b3d148b91a6cdd0e7157f2b152089f553c8a554ce17d,analysis_region_97812fe7809a4cb31311254272addd3da584b2d68ac609118b105e8a84626b95,01004,"NEUMUENSTER,STADT",2208,44522,4.9593,171,294,204,90,0,15749.000,133.1522,40.7609,77.4457,7132.6993,VALIDATED,2026-07-01,2026-09-01,2026-06-30,62,published,Core V1 source set - 2026 Q3
ds_4d740680cd09d152a4b4b3d148b91a6cdd0e7157f2b152089f553c8a554ce17d,analysis_region_048fbb2c736cbd82caf21dce1c83a5ffdaa43ec775dbf1fa3e2501bcb16a2771,01051,DITHMARSCHEN,3399,85310,3.9843,249,477,399,78,0,15163.800,140.3354,22.9479,73.2568,4461.2533,VALIDATED,2026-07-01,2026-09-01,2026-06-30,62,published,Core V1 source set - 2026 Q3
ds_4d740680cd09d152a4b4b3d148b91a6cdd0e7157f2b152089f553c8a554ce17d,analysis_region_b6d9e761843d33bdb93e12a77c78c261efdbaba10937beb8fc4f713877a542c9,01053,HERZOGTUM LAUENBURG,5940,125383,4.7375,178,348,243,105,0,17121.100,58.5859,17.6768,29.9663,2882.3401,VALIDATED,2026-07-01,2026-09-01,2026-06-30,62,published,Core V1 source set - 2026 Q3
ds_4d740680cd09d152a4b4b3d148b91a6cdd0e7157f2b152089f553c8a554ce17d,analysis_region_92bcf5747cf0c5e3269eff1dc290a81306d6cc6e617c1b1d7c22ec781ac9a83a,01054,NORDFRIESLAND,6500,108740,5.9776,477,786,627,159,0,28301.000,120.9231,24.4615,73.3846,4354.0000,VALIDATED,2026-07-01,2026-09-01,2026-06-30,62,published,Core V1 source set - 2026 Q3
ds_4d740680cd09d152a4b4b3d148b91a6cdd0e7157f2b152089f553c8a554ce17d,analysis_region_5e14c369738cdac114f3478442411ed75d6a1b970d1de74e7890ba0bd7c2f255,01055,OSTHOLSTEIN,5713,135247,4.2241,400,760,531,229,0,33613.000,133.0299,40.0840,70.0158,5883.5988,VALIDATED,2026-07-01,2026-09-01,2026-06-30,62,published,Core V1 source set - 2026 Q3
ds_4d740680cd09d152a4b4b3d148b91a6cdd0e7157f2b152089f553c8a554ce17d,analysis_region_8fefee6d406d4f4ad44b848f412b7dfa5e4463d03c90a8628fba665a13369365,01056,PINNEBERG,8752,183325,4.7740,317,604,380,224,0,33803.400,69.0128,25.5941,36.2203,3862.3629,VALIDATED,2026-07-01,2026-09-01,2026-06-30,62,published,Core V1 source set - 2026 Q3
ds_4d740680cd09d152a4b4b3d148b91a6cdd0e7157f2b152089f553c8a554ce17d,analysis_region_643138092861e660d32a78e432e0e625c4cb8476bb2852a562b1a587f7e1028a,01057,PLOEN,4163,84167,4.9461,168,315,239,76,0,13595.000,75.6666,18.2561,40.3555,3265.6738,VALIDATED,2026-07-01,2026-09-01,2026-06-30,62,published,Core V1 source set - 2026 Q3
ds_4d740680cd09d152a4b4b3d148b91a6cdd0e7157f2b152089f553c8a554ce17d,analysis_region_8ce9c8a77bdbd0ef4ac90b39af2c51ab5429da0bca2997bf46f65dff05bcfe58,01058,RENDSBURG-ECKERNFOERDE,9938,181980,5.4610,369,723,595,128,0,23979.900,72.7511,12.8799,37.1302,2412.9503,VALIDATED,2026-07-01,2026-09-01,2026-06-30,62,published,Core V1 source set - 2026 Q3
ds_4d740680cd09d152a4b4b3d148b91a6cdd0e7157f2b152089f553c8a554ce17d,analysis_region_f4a51aafe020e2183daecd71cccbb49d8ea33848e98c38dc0d71c95a7fc39a7f,01059,SCHLESWIG-FLENSBURG,7177,136536,5.2565,384,681,444,237,0,38788.000,94.8864,33.0222,53.5042,5404.4866,VALIDATED,2026-07-01,2026-09-01,2026-06-30,62,published,Core V1 source set - 2026 Q3
ds_4d740680cd09d152a4b4b3d148b91a6cdd0e7157f2b152089f553c8a554ce17d,analysis_region_e8144f20cf2f4cc677f2ed3e032786c9397a6cd566f35d34d5e2e725b1b4bfd5,01060,SEGEBERG,8809,177683,4.9577,291,519,333,186,0,31690.900,58.9170,21.1148,33.0344,3597.5593,VALIDATED,2026-07-01,2026-09-01,2026-06-30,62,published,Core V1 source set - 2026 Q3
ds_4d740680cd09d152a4b4b3d148b91a6cdd0e7157f2b152089f553c8a554ce17d,analysis_region_870fcf2a96db82c7a393ae18ca5df7712ebf0aa5a1c33e9b5b39def976930bfc,01061,STEINBURG,4004,84656,4.7297,110,211,152,59,0,8227.000,52.6973,14.7353,27.4725,2054.6953,VALIDATED,2026-07-01,2026-09-01,2026-06-30,62,published,Core V1 source set - 2026 Q3
ds_4d740680cd09d152a4b4b3d148b91a6cdd0e7157f2b152089f553c8a554ce17d,analysis_region_1ea33641002e5777a23fe07fdbd92e7c7d493f824f3fb4c167d4ff760c34f494,01062,STORMARN,8753,157242,5.5666,355,647,418,229,0,38190.700,73.9175,26.1625,40.5575,4363.1555,VALIDATED,2026-07-01,2026-09-01,2026-06-30,62,published,Core V1 source set - 2026 Q3
ds_4d740680cd09d152a4b4b3d148b91a6cdd0e7157f2b152089f553c8a554ce17d,analysis_region_6b94a276cb6c9b8830bd50e0612af4b8c44ddb78ee396e589bdc1b925eab16fc,02000,HAMBURG,49560,829662,5.9735,3314,5976,5045,931,0,207979.700,120.5811,18.7853,66.8684,4196.5234,VALIDATED,2026-07-01,2026-09-01,2026-06-30,62,published,Core V1 source set - 2026 Q3
ds_4d740680cd09d152a4b4b3d148b91a6cdd0e7157f2b152089f553c8a554ce17d,analysis_region_5942d544da3de459c05fefa388d52c6c8c37f61cd258eff287f38af89bb3d3b4,03101,"BRAUNSCHWEIG,STADT",9579,139667,6.8585,674,1204,964,240,0,43005.700,125.6916,25.0548,70.3623,4489.5814,VALIDATED,2026-07-01,2026-09-01,2026-06-30,62,published,Core V1 source set - 2026 Q3
ds_4d740680cd09d152a4b4b3d148b91a6cdd0e7157f2b152089f553c8a554ce17d,analysis_region_848bdcb7bc8935bd879d4ff0133e54499c334e03393964460ea4077e273764f1,03102,"SALZGITTER,STADT",1999,57900,3.4525,175,338,268,70,0,12248.900,169.0845,35.0175,87.5438,6127.5138,VALIDATED,2026-07-01,2026-09-01,2026-06-30,62,published,Core V1 source set - 2026 Q3
ds_4d740680cd09d152a4b4b3d148b91a6cdd0e7157f2b152089f553c8a554ce17d,analysis_region_1a94d190332724d13f822e8d331b6f68d6d9fd9138cdd2797217a38bc9c58ae1,03103,"WOLFSBURG,STADT",16798,127226,13.2033,653,1156,1008,148,0,39988.400,68.8177,8.8106,38.8737,2380.5453,VALIDATED,2026-07-01,2026-09-01,2026-06-30,62,published,Core V1 source set - 2026 Q3
ds_4d740680cd09d152a4b4b3d148b91a6cdd0e7157f2b152089f553c8a554ce17d,analysis_region_c03aacbd200b2c73b368c3448c00d97aedd0f89daec627ddc61696fe6c83096a,03151,GIFHORN,5657,113407,4.9882,179,320,233,87,0,13696.400,56.5671,15.3792,31.6422,2421.1419,VALIDATED,2026-07-01,2026-09-01,2026-06-30,62,published,Core V1 source set - 2026 Q3
ds_4d740680cd09d152a4b4b3d148b91a6cdd0e7157f2b152089f553c8a554ce17d,analysis_region_0cdfa48806e25accb2fa738e60cf3256a7f2a542f81f4309550928b6c30c12d0,03153,GOSLAR,3190,80972,3.9396,179,309,196,113,0,17766.000,96.8652,35.4232,56.1129,5569.2790,VALIDATED,2026-07-01,2026-09-01,2026-06-30,62,published,Core V1 source set - 2026 Q3
ds_4d740680cd09d152a4b4b3d148b91a6cdd0e7157f2b152089f553c8a554ce17d,analysis_region_45a5be5469ab04b2b20750367f48301fd6d04c61a364aa8a6c284ae7e0c2c080,03154,HELMSTEDT,2755,57860,4.7615,99,179,72,107,0,15943.000,64.9728,38.8385,35.9347,5786.9328,VALIDATED,2026-07-01,2026-09-01,2026-06-30,62,published,Core V1 source set - 2026 Q3
ds_4d740680cd09d152a4b4b3d148b91a6cdd0e7157f2b152089f553c8a554ce17d,analysis_region_449993ded06070aba971057387fe4eb98cbd9baeea8b779a8d10668d0fe230cf,03155,NORTHEIM,4116,90174,4.5645,262,439,245,194,0,30744.000,106.6569,47.1331,63.6540,7469.3878,VALIDATED,2026-07-01,2026-09-01,2026-06-30,62,published,Core V1 source set - 2026 Q3
ds_4d740680cd09d152a4b4b3d148b91a6cdd0e7157f2b152089f553c8a554ce17d,analysis_region_78c18ca83ca0838d4e73bc92197968bc04c7beae714414e6a7a722d58650e6c7,03157,PEINE,4737,88937,5.3262,153,245,131,114,0,19352.000,51.7205,24.0659,32.2989,4085.2860,VALIDATED,2026-07-01,2026-09-01,2026-06-30,62,published,Core V1 source set - 2026 Q3
ds_4d740680cd09d152a4b4b3d148b91a6cdd0e7157f2b152089f553c8a554ce17d,analysis_region_cc1a701929bafcbef588f391c229af47ae7e26953fe0901c6990bfd046ebb7a5,03158,WOLFENBUETTEL,4011,77091,5.2029,86,145,62,83,0,12580.000,36.1506,20.6931,21.4410,3136.3750,VALIDATED,2026-07-01,2026-09-01,2026-06-30,62,published,Core V1 source set - 2026 Q3
ds_4d740680cd09d152a4b4b3d148b91a6cdd0e7157f2b152089f553c8a554ce17d,analysis_region_bf4a44eda267022718f759fc1d786f46adcee8824cb3bdb4002bf7e8eb7dcdc5,03159,GOETTINGEN,8863,187318,4.7315,363,660,453,207,0,32984.100,74.4669,23.3555,40.9568,3721.5503,VALIDATED,2026-07-01,2026-09-01,2026-06-30,62,published,Core V1 source set - 2026 Q3
ds_4d740680cd09d152a4b4b3d148b91a6cdd0e7157f2b152089f553c8a554ce17d,analysis_region_12b199620fc3cf8bf904545248d6cd62b6730f9258869bbc82109c41171d3023,03241,HANNOVER,31938,604410,5.2842,1946,3585,2741,844,0,154075.000,112.2487,26.4262,60.9306,4824.1906,VALIDATED,2026-07-01,2026-09-01,2026-06-30,62,published,Core V1 source set - 2026 Q3
ds_4d740680cd09d152a4b4b3d148b91a6cdd0e7157f2b152089f553c8a554ce17d,analysis_region_25c49adeee060468985a017200ba84b205fdfd93aa2803bd46b69af791213bd6,03251,DIEPHOLZ,7437,148613,5.0043,318,560,371,189,0,31201.000,75.2992,25.4135,42.7592,4195.3745,VALIDATED,2026-07-01,2026-09-01,2026-06-30,62,published,Core V1 source set - 2026 Q3
ds_4d740680cd09d152a4b4b3d148b91a6cdd0e7157f2b152089f553c8a554ce17d,analysis_region_9afcdd475c52b7bcfc2270c231a75b3c6da06d533189ed5d48518339fa60e3aa,03252,HAMELN-PYRMONT,4337,95114,4.5598,116,218,159,59,0,6790.000,50.2652,13.6039,26.7466,1565.5983,VALIDATED,2026-07-01,2026-09-01,2026-06-30,62,published,Core V1 source set - 2026 Q3
ds_4d740680cd09d152a4b4b3d148b91a6cdd0e7157f2b152089f553c8a554ce17d,analysis_region_223efff81a2398028f317662190408a39c346d07d463d099802bf5a4390724d0,03254,HILDESHEIM,7768,165530,4.6928,299,596,396,200,0,25571.400,76.7250,25.7467,38.4912,3291.8898,VALIDATED,2026-07-01,2026-09-01,2026-06-30,62,published,Core V1 source set - 2026 Q3
ds_4d740680cd09d152a4b4b3d148b91a6cdd0e7157f2b152089f553c8a554ce17d,analysis_region_5360eb2b3981038ac3e2d2fc9d9cb6e9ae7fbcdb8f20b20f7aa219b29ae0d0f8,03255,HOLZMINDEN,1718,46015,3.7336,50,92,72,20,0,2869.000,53.5506,11.6414,29.1036,1669.9651,VALIDATED,2026-07-01,2026-09-01,2026-06-30,62,published,Core V1 source set - 2026 Q3
ds_4d740680cd09d152a4b4b3d148b91a6cdd0e7157f2b152089f553c8a554ce17d,analysis_region_da21cf2b0e05e3ef71359ef9473da015f5b2ee5138d628e3258ee395d4f32371,03256,NIENBURG(WESER),3344,80757,4.1408,130,240,189,51,0,6685.300,71.7703,15.2512,38.8756,1999.1926,VALIDATED,2026-07-01,2026-09-01,2026-06-30,62,published,Core V1 source set - 2026 Q3
ds_4d740680cd09d152a4b4b3d148b91a6cdd0e7157f2b152089f553c8a554ce17d,analysis_region_5c21240990dcd18fb9e4846abd3891dc256cb1fa7ab5ef8df6dd396534481400,03257,SCHAUMBURG,5042,105455,4.7812,200,369,232,137,0,21374.000,73.1852,27.1718,39.6668,4239.1908,VALIDATED,2026-07-01,2026-09-01,2026-06-30,62,published,Core V1 source set - 2026 Q3
ds_4d740680cd09d152a4b4b3d148b91a6cdd0e7157f2b152089f553c8a554ce17d,analysis_region_4b5841a7f25e389d0dad0213053bfeb16a91ad287d19e2dc5320ac6c0da8962d,03351,CELLE,5003,115092,4.3470,182,328,249,79,0,13434.000,65.5607,15.7905,36.3782,2685.1889,VALIDATED,2026-07-01,2026-09-01,2026-06-30,62,published,Core V1 source set - 2026 Q3
ds_4d740680cd09d152a4b4b3d148b91a6cdd0e7157f2b152089f553c8a554ce17d,analysis_region_8c092cb564f58a92c125d1e8cecda82c0a2d605c360bea0acc180ace5fd13506,03352,CUXHAVEN,5042,130923,3.8511,190,333,182,151,0,18889.200,66.0452,29.9484,37.6835,3746.3705,VALIDATED,2026-07-01,2026-09-01,2026-06-30,62,published,Core V1 source set - 2026 Q3
ds_4d740680cd09d152a4b4b3d148b91a6cdd0e7157f2b152089f553c8a554ce17d,analysis_region_0ce3baa8cdf19c16ff71e4b45e739273b38e86deb00a23171bd090653cf63f60,03353,HARBURG,8880,174791,5.0804,289,504,285,219,0,33735.000,56.7568,24.6622,32.5450,3798.9865,VALIDATED,2026-07-01,2026-09-01,2026-06-30,62,published,Core V1 source set - 2026 Q3
ds_4d740680cd09d152a4b4b3d148b91a6cdd0e7157f2b152089f553c8a554ce17d,analysis_region_30c1e207b1335d77b638fb1b9770c394f2177181e1cd0b472da1de734207ea5b,03354,LUECHOW-DANNENBERG,1307,32385,4.0358,39,84,59,25,0,3155.000,64.2693,19.1278,29.8393,2413.9250,VALIDATED,2026-07-01,2026-09-01,2026-06-30,62,published,Core V1 source set - 2026 Q3
ds_4d740680cd09d152a4b4b3d148b91a6cdd0e7157f2b152089f553c8a554ce17d,analysis_region_b311051624f5ced9b3f02e399f7cadc54c3596112558ac0647e82a8dd5ff0d68,03355,LUENEBURG,5871,113485,5.1734,189,379,298,81,0,13929.000,64.5546,13.7966,32.1921,2372.5089,VALIDATED,2026-07-01,2026-09-01,2026-06-30,62,published,Core V1 source set - 2026 Q3
ds_4d740680cd09d152a4b4b3d148b91a6cdd0e7157f2b152089f553c8a554ce17d,analysis_region_844478e7f0ef9ce894322ea984678efde54af065f2833e1d2f75143b76341777,03356,OSTERHOLZ,3659,76060,4.8107,126,249,148,101,0,12149.000,68.0514,27.6032,34.4356,3320.3061,VALIDATED,2026-07-01,2026-09-01,2026-06-30,62,published,Core V1 source set - 2026 Q3
ds_4d740680cd09d152a4b4b3d148b91a6cdd0e7157f2b152089f553c8a554ce17d,analysis_region_2b6465d9dcc743429118718f61b398205a4719a10aefeda236fd1e6fde9088a1,03357,ROTENBURG(WUEMME),5516,122015,4.5208,263,466,233,233,0,37303.000,84.4815,42.2408,47.6795,6762.6904,VALIDATED,2026-07-01,2026-09-01,2026-06-30,62,published,Core V1 source set - 2026 Q3
ds_4d740680cd09d152a4b4b3d148b91a6cdd0e7157f2b152089f553c8a554ce17d,analysis_region_3bacbf2c6e410ae8bab61c91e1ed11723a7735c1b0774658e7cf4739160e0955,03358,HEIDEKREIS,3856,93330,4.1316,314,543,252,291,0,57834.400,140.8195,75.4668,81.4315,14998.5477,VALIDATED,2026-07-01,2026-09-01,2026-06-30,62,published,Core V1 source set - 2026 Q3
ds_4d740680cd09d152a4b4b3d148b91a6cdd0e7157f2b152089f553c8a554ce17d,analysis_region_cccd65a9101e0520b5efeca72178e4efe870c6c0b9578141d9de3170e01ab08a,03359,STADE,6006,131971,4.5510,208,389,299,90,0,12714.200,64.7686,14.9850,34.6320,2116.9164,VALIDATED,2026-07-01,2026-09-01,2026-06-30,62,published,Core V1 source set - 2026 Q3
ds_4d740680cd09d152a4b4b3d148b91a6cdd0e7157f2b152089f553c8a554ce17d,analysis_region_53d533975ac2ed98e23302c85f8fbd908d64f9d5f9c75786fb790646d6ef6fa7,03360,UELZEN,2776,59343,4.6779,87,157,109,48,0,4586.700,56.5562,17.2911,31.3401,1652.2695,VALIDATED,2026-07-01,2026-09-01,2026-06-30,62,published,Core V1 source set - 2026 Q3
ds_4d740680cd09d152a4b4b3d148b91a6cdd0e7157f2b152089f553c8a554ce17d,analysis_region_836bacfe578269baf9474d0e967745e3a7da2ec6dafff0e80e5c67d7a89e4d46,03361,VERDEN,4367,90779,4.8106,179,301,168,133,0,23576.000,68.9260,30.4557,40.9892,5398.6719,VALIDATED,2026-07-01,2026-09-01,2026-06-30,62,published,Core V1 source set - 2026 Q3
ds_4d740680cd09d152a4b4b3d148b91a6cdd0e7157f2b152089f553c8a554ce17d,analysis_region_e359d97995be126ce882949f4d14b1513db60298f2e3248c8b03f6d1eba3597e,03401,"DELMENHORST,STADT",1417,43818,3.2338,90,156,92,64,0,11468.700,110.0917,45.1658,63.5145,8093.6486,VALIDATED,2026-07-01,2026-09-01,2026-06-30,62,published,Core V1 source set - 2026 Q3
ds_4d740680cd09d152a4b4b3d148b91a6cdd0e7157f2b152089f553c8a554ce17d,analysis_region_271bf5bb6401fd0c1b5f9d45969aa825ce9ef871b470616cc98732fc7f953394,03402,"EMDEN,STADT",1025,25726,3.9843,111,225,189,36,0,6447.000,219.5122,35.1220,108.2927,6289.7561,VALIDATED,2026-07-01,2026-09-01,2026-06-30,62,published,Core V1 source set - 2026 Q3
ds_4d740680cd09d152a4b4b3d148b91a6cdd0e7157f2b152089f553c8a554ce17d,analysis_region_628bc5d2a1feb1ad93c334ceb5e27bdf59ad1aad7d73f418f0fdf63d5075aaea,03403,"OLDENBURG(OLDENB),STADT",6562,94571,6.9387,216,363,190,173,0,21346.000,55.3185,26.3639,32.9168,3252.9717,VALIDATED,2026-07-01,2026-09-01,2026-06-30,62,published,Core V1 source set - 2026 Q3
ds_4d740680cd09d152a4b4b3d148b91a6cdd0e7157f2b152089f553c8a554ce17d,analysis_region_cd8ae061f7a1f4a1b72c4820524cf5ea2af38012f59b434f7e3b01c5439cf87c,03404,"OSNABRUECK,STADT",5389,90146,5.9781,303,574,405,169,0,24661.000,106.5133,31.3602,56.2256,4576.1737,VALIDATED,2026-07-01,2026-09-01,2026-06-30,62,published,Core V1 source set - 2026 Q3
ds_4d740680cd09d152a4b4b3d148b91a6cdd0e7157f2b152089f553c8a554ce17d,analysis_region_667b44ae7845d7e6a20d9d383278c628b148c5eb6da014ad1d0ad68a2267d4b3,03405,"WILHELMSHAVEN,STADT",1107,40107,2.7601,56,116,66,50,0,5550.000,104.7877,45.1671,50.5872,5013.5501,VALIDATED,2026-07-01,2026-09-01,2026-06-30,62,published,Core V1 source set - 2026 Q3
ds_4d740680cd09d152a4b4b3d148b91a6cdd0e7157f2b152089f553c8a554ce17d,analysis_region_e7bc7f0cb29a06370c2f3a6f1cbc44b281d652f2ad38f8f3715874f1208a6e2c,03451,AMMERLAND,4317,84229,5.1253,152,278,150,128,0,13668.700,64.3966,29.6502,35.2096,3166.2497,VALIDATED,2026-07-01,2026-09-01,2026-06-30,62,published,Core V1 source set - 2026 Q3
ds_4d740680cd09d152a4b4b3d148b91a6cdd0e7157f2b152089f553c8a554ce17d,analysis_region_e9df2ee6f09ad75d941fc66619f4c5918ffbda458802610a2e3d78096e4b5a61,03452,AURICH,5337,123056,4.3370,216,372,225,147,0,17628.000,69.7021,27.5436,40.4722,3302.9792,VALIDATED,2026-07-01,2026-09-01,2026-06-30,62,published,Core V1 source set - 2026 Q3
ds_4d740680cd09d152a4b4b3d148b91a6cdd0e7157f2b152089f553c8a554ce17d,analysis_region_571449801ef5afb362a945a9f196e3e50c30a158f2c4dfc42c0e30d92c897d28,03453,CLOPPENBURG,5884,111141,5.2942,299,573,363,210,0,27311.700,97.3827,35.6900,50.8158,4641.6893,VALIDATED,2026-07-01,2026-09-01,2026-06-30,62,published,Core V1 source set - 2026 Q3
ds_4d740680cd09d152a4b4b3d148b91a6cdd0e7157f2b152089f553c8a554ce17d,analysis_region_72d63e56769fbfa7da265182539fcc9e33b12ce05dfd71eafb2fdbda096c8dae,03454,EMSLAND,13242,218161,6.0698,617,1121,693,428,0,60783.000,84.6549,32.3214,46.5942,4590.1676,VALIDATED,2026-07-01,2026-09-01,2026-06-30,62,published,Core V1 source set - 2026 Q3
ds_4d740680cd09d152a4b4b3d148b91a6cdd0e7157f2b152089f553c8a554ce17d,analysis_region_b02cbce8c0ff794bbc47fd784c4fd7235a7d619a2db5649d0457e14e031fe980,03455,FRIESLAND,3115,68668,4.5363,141,248,168,80,0,9252.000,79.6148,25.6822,45.2648,2970.1445,VALIDATED,2026-07-01,2026-09-01,2026-06-30,62,published,Core V1 source set - 2026 Q3
ds_4d740680cd09d152a4b4b3d148b91a6cdd0e7157f2b152089f553c8a554ce17d,analysis_region_266d937d3448432f640f7f4cff801a2f67d03ef8a186bce620aa347a31591bd7,03456,GRAFSCHAFT BENTHEIM,5405,90905,5.9458,200,370,209,161,0,16643.000,68.4551,29.7872,37.0028,3079.1859,VALIDATED,2026-07-01,2026-09-01,2026-06-30,62,published,Core V1 source set - 2026 Q3
ds_4d740680cd09d152a4b4b3d148b91a6cdd0e7157f2b152089f553c8a554ce17d,analysis_region_101bb5872418da33205e9b4199bec9a9d4188cdadeff3f05d20a80fc159de8a5,03457,LEER,4591,109148,4.2062,176,319,139,180,0,22160.000,69.4838,39.2071,38.3359,4826.8351,VALIDATED,2026-07-01,2026-09-01,2026-06-30,62,published,Core V1 source set - 2026 Q3
ds_4d740680cd09d152a4b4b3d148b91a6cdd0e7157f2b152089f553c8a554ce17d,analysis_region_c6e9c0b13058a6323f741fbff04b14d775f3463245cc093afa0cbb01bb577050,03458,OLDENBURG(OLDENBURG),4530,88269,5.1320,134,224,143,81,0,8729.000,49.4481,17.8808,29.5806,1926.9316,VALIDATED,2026-07-01,2026-09-01,2026-06-30,62,published,Core V1 source set - 2026 Q3
ds_4d740680cd09d152a4b4b3d148b91a6cdd0e7157f2b152089f553c8a554ce17d,analysis_region_3a742b72094df7448899cedd98ca55db5d5411e0eaee066c04eefaef8b622c10,03459,OSNABRUECK,12956,242141,5.3506,378,700,461,239,0,35371.600,54.0290,18.4471,29.1757,2730.1328,VALIDATED,2026-07-01,2026-09-01,2026-06-30,62,published,Core V1 source set - 2026 Q3
ds_4d740680cd09d152a4b4b3d148b91a6cdd0e7157f2b152089f553c8a554ce17d,analysis_region_8714f21d345f8d4e1edf6506701aff387ece2eda6758a93e7ce34d44049ad080,03460,VECHTA,5845,94773,6.1674,242,377,250,127,0,24727.000,64.4996,21.7280,41.4029,4230.4534,VALIDATED,2026-07-01,2026-09-01,2026-06-30,62,published,Core V1 source set - 2026 Q3
ds_4d740680cd09d152a4b4b3d148b91a6cdd0e7157f2b152089f553c8a554ce17d,analysis_region_214ea99294778edddba51733f484716d9fc663dcf3aa3415cc595ab7aeb98983,03461,WESERMARSCH,2325,55661,4.1771,137,245,195,50,0,5566.000,105.3763,21.5054,58.9247,2393.9785,VALIDATED,2026-07-01,2026-09-01,2026-06-30,62,published,Core V1 source set - 2026 Q3
ds_4d740680cd09d152a4b4b3d148b91a6cdd0e7157f2b152089f553c8a554ce17d,analysis_region_bfe35299b7f9b40871297be82b51b834b9265aa1bb2c943ee1ef5f448a30faf6,03462,WITTMUND,1354,38185,3.5459,66,134,87,47,0,5065.000,98.9660,34.7120,48.7445,3740.7681,VALIDATED,2026-07-01,2026-09-01,2026-06-30,62,published,Core V1 source set - 2026 Q3
ds_4d740680cd09d152a4b4b3d148b91a6cdd0e7157f2b152089f553c8a554ce17d,analysis_region_f7da56695f1a9d0d0a0c0dc6b93865a4bef68549f7a1ef94c569b97b74055f24,04011,"BREMEN, STADT",10548,249055,4.2352,796,1407,1134,273,0,46200.000,133.3902,25.8817,75.4645,4379.9772,VALIDATED,2026-07-01,2026-09-01,2026-06-30,62,published,Core V1 source set - 2026 Q3
ds_4d740680cd09d152a4b4b3d148b91a6cdd0e7157f2b152089f553c8a554ce17d,analysis_region_d1573f753f2bdaf787259cda82e56c08d29740595b30ab7c84481bc00bdf07c7,04012,"BREMERHAVEN,STADT",1846,52995,3.4833,88,177,103,74,0,7811.000,95.8830,40.0867,47.6706,4231.3109,VALIDATED,2026-07-01,2026-09-01,2026-06-30,62,published,Core V1 source set - 2026 Q3
ds_4d740680cd09d152a4b4b3d148b91a6cdd0e7157f2b152089f553c8a554ce17d,analysis_region_22a898bba715b9a0e9386e637a53ef0564b7b1d3b12a3cdccc825c879f9d1ff6,05111,"DUESSELDORF, STADT",25112,330572,7.5965,1457,2552,2322,230,0,73265.700,101.6247,9.1590,58.0201,2917.5573,VALIDATED,2026-07-01,2026-09-01,2026-06-30,62,published,Core V1 source set - 2026 Q3
ds_4d740680cd09d152a4b4b3d148b91a6cdd0e7157f2b152089f553c8a554ce17d,analysis_region_fec8c501210bcebecd56ec1913a13ddbbdfb4d3f01ca65a78228930297db1f87,05112,"DUISBURG,STADT",7655,241253,3.1730,632,1121,897,224,0,27166.000,146.4402,29.2619,82.5604,3548.7916,VALIDATED,2026-07-01,2026-09-01,2026-06-30,62,published,Core V1 source set - 2026 Q3
ds_4d740680cd09d152a4b4b3d148b91a6cdd0e7157f2b152089f553c8a554ce17d,analysis_region_3ee1b90297075cded3fe5ee2f3fc3714574383b70b89992430188432a09b246f,05113,"ESSEN,STADT",14523,301296,4.8202,673,1202,951,251,0,42489.000,82.7653,17.2829,46.3403,2925.6352,VALIDATED,2026-07-01,2026-09-01,2026-06-30,62,published,Core V1 source set - 2026 Q3
ds_4d740680cd09d152a4b4b3d148b91a6cdd0e7157f2b152089f553c8a554ce17d,analysis_region_46d50c13ba017bc7771761dbc52a8d748695756fbc1e2746360d3056a2403bb9,05114,"KREFELD,STADT",4975,124234,4.0045,151,279,172,107,0,15539.000,56.0804,21.5075,30.3518,3123.4171,VALIDATED,2026-07-01,2026-09-01,2026-06-30,62,published,Core V1 source set - 2026 Q3
ds_4d740680cd09d152a4b4b3d148b91a6cdd0e7157f2b152089f553c8a554ce17d,analysis_region_33e6f0a835ade3c24f7e23da25310eb4373ba7ae58e8c265ad1c52a8103beb65,05116,"MOENCHENGLADBACH,STADT",5988,146262,4.0940,387,777,580,197,0,30621.000,129.7595,32.8991,64.6293,5113.7275,VALIDATED,2026-07-01,2026-09-01,2026-06-30,62,published,Core V1 source set - 2026 Q3
ds_4d740680cd09d152a4b4b3d148b91a6cdd0e7157f2b152089f553c8a554ce17d,analysis_region_930e08804615a94444de0f58f10598c89abbc6263207cacfa44a2a8f63280dc6,05117,"MUELHEIM A.D.RUHR,STADT",4243,96786,4.3839,209,392,303,89,0,14786.000,92.3875,20.9757,49.2576,3484.7985,VALIDATED,2026-07-01,2026-09-01,2026-06-30,62,published,Core V1 source set - 2026 Q3
ds_4d740680cd09d152a4b4b3d148b91a6cdd0e7157f2b152089f553c8a554ce17d,analysis_region_c0a3d95a4d867263ffa7e0ac0c03e86e8ef5f3708aac0af86d984cbcb5544b70,05119,"OBERHAUSEN,STADT",3908,114811,3.4039,394,673,550,123,0,29529.000,172.2108,31.4739,100.8188,7556.0389,VALIDATED,2026-07-01,2026-09-01,2026-06-30,62,published,Core V1 source set - 2026 Q3
ds_4d740680cd09d152a4b4b3d148b91a6cdd0e7157f2b152089f553c8a554ce17d,analysis_region_68cdecbcbe6c960ae76a0a25e641aa2e2041b7f53dbbde26c9df0735d19db15a,05120,"REMSCHEID,STADT",2631,65292,4.0296,122,227,167,60,0,10111.000,86.2790,22.8050,46.3702,3843.0255,VALIDATED,2026-07-01,2026-09-01,2026-06-30,62,published,Core V1 source set - 2026 Q3
ds_4d740680cd09d152a4b4b3d148b91a6cdd0e7157f2b152089f553c8a554ce17d,analysis_region_e8c3227c9a25ba8eab1206078355dad05346a8576b0aee8a4830db915f9cb584,05122,"SOLINGEN,STADT",4270,93471,4.5683,234,394,302,92,0,18751.000,92.2717,21.5457,54.8009,4391.3349,VALIDATED,2026-07-01,2026-09-01,2026-06-30,62,published,Core V1 source set - 2026 Q3
ds_4d740680cd09d152a4b4b3d148b91a6cdd0e7157f2b152089f553c8a554ce17d,analysis_region_5202d20f31040f3d6fd50690b269cd6d3fb0818191564ac8b3a2456497d8267c,05124,"WUPPERTAL,STADT",7413,179679,4.1257,264,481,358,123,0,21923.700,64.8860,16.5925,35.6131,2957.4666,VALIDATED,2026-07-01,2026-09-01,2026-06-30,62,published,Core V1 source set - 2026 Q3
ds_4d740680cd09d152a4b4b3d148b91a6cdd0e7157f2b152089f553c8a554ce17d,analysis_region_28e347471a32dc4f14dfac1fe47a0214b446fd8ffb7ac74e5701a1011b14eefa,05154,KLEVE,9068,207569,4.3687,381,728,575,153,0,27767.600,80.2823,16.8725,42.0159,3062.1526,VALIDATED,2026-07-01,2026-09-01,2026-06-30,62,published,Core V1 source set - 2026 Q3
ds_4d740680cd09d152a4b4b3d148b91a6cdd0e7157f2b152089f553c8a554ce17d,analysis_region_351aba16f89293f66787bb15ed798c3425c35226e7c800278d16030086c0da5a,05158,METTMANN,15408,304936,5.0529,735,1399,1081,318,0,63007.000,90.7970,20.6386,47.7025,4089.2394,VALIDATED,2026-07-01,2026-09-01,2026-06-30,62,published,Core V1 source set - 2026 Q3
ds_4d740680cd09d152a4b4b3d148b91a6cdd0e7157f2b152089f553c8a554ce17d,analysis_region_ca40207a8ba629e515ef501cc48747a52810d4272140dd43effdc1457a613d0d,05162,NEUSS,13917,283391,4.9109,508,981,703,278,0,42137.600,70.4893,19.9756,36.5021,3027.7790,VALIDATED,2026-07-01,2026-09-01,2026-06-30,62,published,Core V1 source set - 2026 Q3
ds_4d740680cd09d152a4b4b3d148b91a6cdd0e7157f2b152089f553c8a554ce17d,analysis_region_5387ac63c490142ccbfe5495a6f2b31041593c71e4594c83d9b2ce387c0397f4,05166,VIERSEN,9051,197098,4.5921,365,723,551,172,0,27349.000,79.8807,19.0034,40.3270,3021.6551,VALIDATED,2026-07-01,2026-09-01,2026-06-30,62,published,Core V1 source set - 2026 Q3
ds_4d740680cd09d152a4b4b3d148b91a6cdd0e7157f2b152089f553c8a554ce17d,analysis_region_7e606bf982e0ee0900f47616d74fb092c883e4f5311dfef779e49bcbd302e2e0,05170,WESEL,13550,301216,4.4984,643,1164,817,347,0,61674.700,85.9041,25.6089,47.4539,4551.6384,VALIDATED,2026-07-01,2026-09-01,2026-06-30,62,published,Core V1 source set - 2026 Q3
ds_4d740680cd09d152a4b4b3d148b91a6cdd0e7157f2b152089f553c8a554ce17d,analysis_region_e5d6151535d8df4499908d6c7bced2828b47958c7641ff300276a53412abf95a,05314,"BONN,STADT",15644,175000,8.9394,613,1215,1037,178,0,35413.000,77.6656,11.3782,39.1844,2263.6794,VALIDATED,2026-07-01,2026-09-01,2026-06-30,62,published,Core V1 source set - 2026 Q3
ds_4d740680cd09d152a4b4b3d148b91a6cdd0e7157f2b152089f553c8a554ce17d,analysis_region_9d0f538323db490253a43611de824293946c9387653b461a3b4c4c55dad5aa2b,05315,"KOELN,STADT",28871,500646,5.7667,1475,2707,2114,593,0,90180.100,93.7619,20.5396,51.0893,3123.5530,VALIDATED,2026-07-01,2026-09-01,2026-06-30,62,published,Core V1 source set - 2026 Q3
ds_4d740680cd09d152a4b4b3d148b91a6cdd0e7157f2b152089f553c8a554ce17d,analysis_region_0afe8d7c8cbef0f7d90c76f70fb2a80c68951931a7d91fb9a5e933baf570ea9e,05316,"LEVERKUSEN,STADT",4476,93645,4.7798,201,337,291,46,0,9531.000,75.2904,10.2770,44.9062,2129.3566,VALIDATED,2026-07-01,2026-09-01,2026-06-30,62,published,Core V1 source set - 2026 Q3
ds_4d740680cd09d152a4b4b3d148b91a6cdd0e7157f2b152089f553c8a554ce17d,analysis_region_aee0b90783a19836e1a9460936d1ddfc9ba55379740f84739150f337d509e12e,05334,"AACHEN, STAEDTEREGION",15282,305622,5.0003,974,1762,1341,421,0,66427.700,115.2990,27.5488,63.7351,4346.7936,VALIDATED,2026-07-01,2026-09-01,2026-06-30,62,published,Core V1 source set - 2026 Q3
ds_4d740680cd09d152a4b4b3d148b91a6cdd0e7157f2b152089f553c8a554ce17d,analysis_region_f00d212bb48dd02013c679f6f167337aa955ac70d19de2fd9e7f3f7c11573d85,05358,DUEREN,7886,173214,4.5527,443,736,578,158,0,30604.200,93.3300,20.0355,56.1755,3880.8268,VALIDATED,2026-07-01,2026-09-01,2026-06-30,62,published,Core V1 source set - 2026 Q3
ds_4d740680cd09d152a4b4b3d148b91a6cdd0e7157f2b152089f553c8a554ce17d,analysis_region_326b98007926535eb1f05cb2cdb98ff4a0d9f60efa894f0cc78dc51c9c07300e,05362,RHEIN-ERFT-KREIS,13333,295019,4.5194,426,779,456,323,0,50424.000,58.4265,24.2256,31.9508,3781.8945,VALIDATED,2026-07-01,2026-09-01,2026-06-30,62,published,Core V1 source set - 2026 Q3
ds_4d740680cd09d152a4b4b3d148b91a6cdd0e7157f2b152089f553c8a554ce17d,analysis_region_4fc58cc46f35fd0f91b7c52bb0c333c6b429afc875fa4c51eefcfb1227134ed9,05366,EUSKIRCHEN,12312,164020,7.5064,210,390,271,119,0,19019.900,31.6764,9.6654,17.0565,1544.8262,VALIDATED,2026-07-01,2026-09-01,2026-06-30,62,published,Core V1 source set - 2026 Q3
ds_4d740680cd09d152a4b4b3d148b91a6cdd0e7157f2b152089f553c8a554ce17d,analysis_region_ee35855b7491fb2ea19edb5a13d2298a459a219a29063a31804ef86ce2ddb425,05370,HEINSBERG,7589,173194,4.3818,295,584,409,175,0,24881.000,76.9535,23.0597,38.8721,3278.5611,VALIDATED,2026-07-01,2026-09-01,2026-06-30,62,published,Core V1 source set - 2026 Q3
ds_4d740680cd09d152a4b4b3d148b91a6cdd0e7157f2b152089f553c8a554ce17d,analysis_region_d775c93a6552d3e385660161e680b9cd2affa2cf3383decac6ff282cd8e64817,05374,OBERBERGISCHER KREIS,8627,186889,4.6161,229,436,284,152,0,21897.000,50.5390,17.6191,26.5446,2538.1940,VALIDATED,2026-07-01,2026-09-01,2026-06-30,62,published,Core V1 source set - 2026 Q3
ds_4d740680cd09d152a4b4b3d148b91a6cdd0e7157f2b152089f553c8a554ce17d,analysis_region_aa11ca17ef081ae331ec54a9f469c4ccf490293052d2fbea96856b93581406c4,05378,RHEIN.-BERGISCHER KREIS,9612,187664,5.1219,270,494,380,114,0,19821.000,51.3941,11.8602,28.0899,2062.1099,VALIDATED,2026-07-01,2026-09-01,2026-06-30,62,published,Core V1 source set - 2026 Q3
ds_4d740680cd09d152a4b4b3d148b91a6cdd0e7157f2b152089f553c8a554ce17d,analysis_region_f842993f89584171540407520bf7e1275123252efacfb862f02942ebeafdad57,05382,RHEIN-SIEG-KREIS,17899,381847,4.6875,554,1007,686,321,0,52095.200,56.2601,17.9340,30.9514,2910.5090,VALIDATED,2026-07-01,2026-09-01,2026-06-30,62,published,Core V1 source set - 2026 Q3
ds_4d740680cd09d152a4b4b3d148b91a6cdd0e7157f2b152089f553c8a554ce17d,analysis_region_0970a59af73213b54fd356a74493d059f91b5335b15df38454c441164a5372ff,05512,"BOTTROP,STADT",2581,70592,3.6562,124,246,199,47,0,9172.700,95.3119,18.2100,48.0434,3553.9326,VALIDATED,2026-07-01,2026-09-01,2026-06-30,62,published,Core V1 source set - 2026 Q3
ds_4d740680cd09d152a4b4b3d148b91a6cdd0e7157f2b152089f553c8a554ce17d,analysis_region_9550877b84e26a0e2530e65f25d50e5ef02183cd05b466c280e69760977745ad,05513,"GELSENKIRCHEN,STADT",3796,127143,2.9856,238,474,329,145,0,23294.000,124.8683,38.1981,62.6976,6136.4594,VALIDATED,2026-07-01,2026-09-01,2026-06-30,62,published,Core V1 source set - 2026 Q3
ds_4d740680cd09d152a4b4b3d148b91a6cdd0e7157f2b152089f553c8a554ce17d,analysis_region_87b5ab6caaaced3eb93c35dc6e38e0dd499581af146d527d3b1edc4b85247ed5,05515,"MUENSTER,STADT",9965,153965,6.4723,405,774,621,153,0,26288.100,77.6719,15.3537,40.6422,2638.0432,VALIDATED,2026-07-01,2026-09-01,2026-06-30,62,published,Core V1 source set - 2026 Q3
ds_4d740680cd09d152a4b4b3d148b91a6cdd0e7157f2b152089f553c8a554ce17d,analysis_region_9a6942cc422dccf7a92d204435513e8623a74d682635bbd0385f6561789d6e3a,05554,BORKEN,14997,241636,6.2064,727,1409,1195,214,0,45620.400,93.9521,14.2695,48.4764,3041.9684,VALIDATED,2026-07-01,2026-09-01,2026-06-30,62,published,Core V1 source set - 2026 Q3
ds_4d740680cd09d152a4b4b3d148b91a6cdd0e7157f2b152089f553c8a554ce17d,analysis_region_596c0443c255653bd709e4c0b7a52cbe3a1eece089f19dc0fa5baa06e468c423,05558,COESFELD,8362,148228,5.6413,276,500,344,156,0,24698.900,59.7943,18.6558,33.0065,2953.7072,VALIDATED,2026-07-01,2026-09-01,2026-06-30,62,published,Core V1 source set - 2026 Q3
ds_4d740680cd09d152a4b4b3d148b91a6cdd0e7157f2b152089f553c8a554ce17d,analysis_region_9c2fb173274b8e61a83956ea1d7eb6bcb1189f6509a9ee3a71e8d7eb71082483,05562,RECKLINGHAUSEN,13341,368334,3.6220,586,1063,761,302,0,50527.400,79.6792,22.6370,43.9247,3787.3773,VALIDATED,2026-07-01,2026-09-01,2026-06-30,62,published,Core V1 source set - 2026 Q3
ds_4d740680cd09d152a4b4b3d148b91a6cdd0e7157f2b152089f553c8a554ce17d,analysis_region_ff66d9414351a55630c49c6e52654a61118b9895f4a80decfc30a89c236a977e,05566,STEINFURT,16701,288776,5.7834,469,899,652,247,0,40495.500,53.8291,14.7895,28.0822,2424.7350,VALIDATED,2026-07-01,2026-09-01,2026-06-30,62,published,Core V1 source set - 2026 Q3
ds_4d740680cd09d152a4b4b3d148b91a6cdd0e7157f2b152089f553c8a554ce17d,analysis_region_5c5b411051d126b195341ceda17466bab47078877c48e2aa0f233c242d03b907,05570,WARENDORF,8929,182306,4.8978,323,621,438,183,0,25538.700,69.5487,20.4950,36.1743,2860.1971,VALIDATED,2026-07-01,2026-09-01,2026-06-30,62,published,Core V1 source set - 2026 Q3
ds_4d740680cd09d152a4b4b3d148b91a6cdd0e7157f2b152089f553c8a554ce17d,analysis_region_437f7ede8722993e2e6b59cdb9b84eff1468295dba362fce6a1837dc79ce96c4,05711,"BIELEFELD,STADT",11723,184288,6.3612,396,721,484,237,0,31494.600,61.5030,20.2167,33.7797,2686.5649,VALIDATED,2026-07-01,2026-09-01,2026-06-30,62,published,Core V1 source set - 2026 Q3
ds_4d740680cd09d152a4b4b3d148b91a6cdd0e7157f2b152089f553c8a554ce17d,analysis_region_1690727b2753d07fd7ee5101cb0bb348e718f2bb381d1afa5d4ed190aa0b3a28,05754,GUETERSLOH,13255,243885,5.4349,416,816,599,217,0,31949.000,61.5617,16.3712,31.3844,2410.3357,VALIDATED,2026-07-01,2026-09-01,2026-06-30,62,published,Core V1 source set - 2026 Q3
ds_4d740680cd09d152a4b4b3d148b91a6cdd0e7157f2b152089f553c8a554ce17d,analysis_region_e0a5ff35450394728488fbc9186aca9b78bac49ffdba6ee5d5d0e7252ab4f0c7,05758,HERFORD,8648,169740,5.0949,220,424,232,192,0,24562.000,49.0287,22.2017,25.4394,2840.1943,VALIDATED,2026-07-01,2026-09-01,2026-06-30,62,published,Core V1 source set - 2026 Q3
ds_4d740680cd09d152a4b4b3d148b91a6cdd0e7157f2b152089f553c8a554ce17d,analysis_region_4da7494bba34b321dcc12dc355323d13e03727f34b73c1cb1a7b461352ff2904,05762,HOEXTER,4656,93504,4.9795,169,338,229,109,0,15368.000,72.5945,23.4107,36.2973,3300.6873,VALIDATED,2026-07-01,2026-09-01,2026-06-30,62,published,Core V1 source set - 2026 Q3
ds_4d740680cd09d152a4b4b3d148b91a6cdd0e7157f2b152089f553c8a554ce17d,analysis_region_25948dcd1602f8700b9b1deb75fb93ba4337c1ca1e5796d33bda7f844e19f594,05766,LIPPE,10869,224718,4.8367,296,527,411,116,0,16096.200,48.4865,10.6726,27.2334,1480.9274,VALIDATED,2026-07-01,2026-09-01,2026-06-30,62,published,Core V1 source set - 2026 Q3
ds_4d740680cd09d152a4b4b3d148b91a6cdd0e7157f2b152089f553c8a554ce17d,analysis_region_da79db70342c4a5b7589cd5790a6aa4e9efd3564dacbb5fe45864ef594b68eba,05770,MINDEN-LUEBBECKE,10905,212145,5.1404,284,520,328,192,0,28807.000,47.6845,17.6066,26.0431,2641.6323,VALIDATED,2026-07-01,2026-09-01,2026-06-30,62,published,Core V1 source set - 2026 Q3
ds_4d740680cd09d152a4b4b3d148b91a6cdd0e7157f2b152089f553c8a554ce17d,analysis_region_e8d83ad5aa3b5e628a029ee2ebf71aa2ed47874a7769c5501461b5cdbf03709e,05774,PADERBORN,11626,193981,5.9934,513,976,729,247,0,42931.800,83.9498,21.2455,44.1252,3692.7404,VALIDATED,2026-07-01,2026-09-01,2026-06-30,62,published,Core V1 source set - 2026 Q3
ds_4d740680cd09d152a4b4b3d148b91a6cdd0e7157f2b152089f553c8a554ce17d,analysis_region_e1a91d81118fd8a01ab78c790e4064882c511ee48245e283c28fbcc6d65c1ab5,05911,"BOCHUM,STADT",9696,207823,4.6655,598,975,684,291,0,44438.000,100.5569,30.0124,61.6749,4583.1271,VALIDATED,2026-07-01,2026-09-01,2026-06-30,62,published,Core V1 source set - 2026 Q3
ds_4d740680cd09d152a4b4b3d148b91a6cdd0e7157f2b152089f553c8a554ce17d,analysis_region_ab2c1d7e5894cbfb6e35a7266d493784a52c1da30bd7f3cb94350f590e48bbb5,05913,"DORTMUND,STADT",14668,304035,4.8244,912,1370,1008,362,0,52828.600,93.4006,24.6796,62.1762,3601.6226,VALIDATED,2026-07-01,2026-09-01,2026-06-30,62,published,Core V1 source set - 2026 Q3
ds_4d740680cd09d152a4b4b3d148b91a6cdd0e7157f2b152089f553c8a554ce17d,analysis_region_933c14aa6abcf3254743f23c2f5d1ccd047d5bc036e8d8d984a386ddf754c3ac,05914,"HAGEN,STADT",3372,100590,3.3522,167,307,209,98,0,13513.000,91.0439,29.0629,49.5255,4007.4140,VALIDATED,2026-07-01,2026-09-01,2026-06-30,62,published,Core V1 source set - 2026 Q3
ds_4d740680cd09d152a4b4b3d148b91a6cdd0e7157f2b152089f553c8a554ce17d,analysis_region_8acffe71df48a41baba14e270e3df2a950b47f6e5cab3cedd736ff1807a943c0,05915,"HAMM,STADT",3927,102692,3.8241,202,395,319,76,0,11791.000,100.5857,19.3532,51.4388,3002.5465,VALIDATED,2026-07-01,2026-09-01,2026-06-30,62,published,Core V1 source set - 2026 Q3
ds_4d740680cd09d152a4b4b3d148b91a6cdd0e7157f2b152089f553c8a554ce17d,analysis_region_877088ab48bba532cba4f232efae91b6b4f0bf4dafd947e75427009f5533cd3f,05916,"HERNE,STADT",2166,80850,2.6790,105,192,129,63,0,11506.000,88.6427,29.0859,48.4765,5312.0960,VALIDATED,2026-07-01,2026-09-01,2026-06-30,62,published,Core V1 source set - 2026 Q3
ds_4d740680cd09d152a4b4b3d148b91a6cdd0e7157f2b152089f553c8a554ce17d,analysis_region_38ba002103989aad6402b7a01e493516692833d6081b28b6736bf0a569a65ef6,05954,ENNEPE-RUHR-KREIS,8811,205513,4.2873,301,551,450,101,0,17949.100,62.5355,11.4629,34.1618,2037.1240,VALIDATED,2026-07-01,2026-09-01,2026-06-30,62,published,Core V1 source set - 2026 Q3
ds_4d740680cd09d152a4b4b3d148b91a6cdd0e7157f2b152089f553c8a554ce17d,analysis_region_fdd3f16e4996a7cdf9215a4a961dbf451144f2bd8470663ce78b3c6b994ded67,05958,HOCHSAUERLANDKREIS,7939,175652,4.5197,328,579,440,139,0,23248.900,72.9311,17.5085,41.3150,2928.4419,VALIDATED,2026-07-01,2026-09-01,2026-06-30,62,published,Core V1 source set - 2026 Q3
ds_4d740680cd09d152a4b4b3d148b91a6cdd0e7157f2b152089f553c8a554ce17d,analysis_region_84135f6752601931db2069b340c97b878470f7cee2c46065a44c3dd5b517e10a,05962,MAERKISCHER KREIS,9522,259604,3.6679,376,698,541,157,0,26706.000,73.3039,16.4881,39.4875,2804.6629,VALIDATED,2026-07-01,2026-09-01,2026-06-30,62,published,Core V1 source set - 2026 Q3
ds_4d740680cd09d152a4b4b3d148b91a6cdd0e7157f2b152089f553c8a554ce17d,analysis_region_4c810f7db430c1395416e5277db7eea0dc7731859a99eadcc2f919caba510670,05966,OLPE,4247,93215,4.5561,113,201,151,50,0,9655.000,47.3275,11.7730,26.6070,2273.3694,VALIDATED,2026-07-01,2026-09-01,2026-06-30,62,published,Core V1 source set - 2026 Q3
ds_4d740680cd09d152a4b4b3d148b91a6cdd0e7157f2b152089f553c8a554ce17d,analysis_region_2db18d5b3cf19dad6a978e7fe33c6dcd3442341e245518d51b83a15c473bc005,05970,SIEGEN-WITTGENSTEIN,7897,187857,4.2037,243,453,275,178,0,24214.000,57.3636,22.5402,30.7712,3066.2277,VALIDATED,2026-07-01,2026-09-01,2026-06-30,62,published,Core V1 source set - 2026 Q3
ds_4d740680cd09d152a4b4b3d148b91a6cdd0e7157f2b152089f553c8a554ce17d,analysis_region_a4b964f1a9cec7cf2baeb8a91094e5f11ce2568943d499529fa9027fe27e91d9,05974,SOEST,10663,199886,5.3345,383,727,507,220,0,37811.000,68.1797,20.6321,35.9186,3546.0002,VALIDATED,2026-07-01,2026-09-01,2026-06-30,62,published,Core V1 source set - 2026 Q3
ds_4d740680cd09d152a4b4b3d148b91a6cdd0e7157f2b152089f553c8a554ce17d,analysis_region_88ad915076089531335a371a6f228cd8fdc5e70f01f525cb94fd6e57752b2621,05978,UNNA,10872,249097,4.3646,485,907,592,315,0,55956.500,83.4253,28.9735,44.6100,5146.8451,VALIDATED,2026-07-01,2026-09-01,2026-06-30,62,published,Core V1 source set - 2026 Q3
ds_4d740680cd09d152a4b4b3d148b91a6cdd0e7157f2b152089f553c8a554ce17d,analysis_region_d5111217a6da9b7f19e76d8826a1d4f61985226f8946bb191aff1b54666db92f,06411,"DARMSTADT,STADT",4907,74237,6.6099,182,347,285,62,0,10251.000,70.7153,12.6350,37.0899,2089.0564,VALIDATED,2026-07-01,2026-09-01,2026-06-30,62,published,Core V1 source set - 2026 Q3
ds_4d740680cd09d152a4b4b3d148b91a6cdd0e7157f2b152089f553c8a554ce17d,analysis_region_a23bdaa55c68092c8b73ded78a6895d01ad1cac13ac1f753733d3a5a13dbfc40,06412,"FRANKFURT AM MAIN,STADT",25871,352359,7.3422,1297,2135,1887,248,0,57349.200,82.5248,9.5860,50.1334,2216.7369,VALIDATED,2026-07-01,2026-09-01,2026-06-30,62,published,Core V1 source set - 2026 Q3
ds_4d740680cd09d152a4b4b3d148b91a6cdd0e7157f2b152089f553c8a554ce17d,analysis_region_e902c3a9e79ea262bfa22fd25250d4b77926e87ea800ec6f32ca1de4b1a32dcf,06413,"OFFENBACH AM MAIN,STADT",2790,60750,4.5926,113,172,154,18,0,5029.000,61.6487,6.4516,40.5018,1802.5090,VALIDATED,2026-07-01,2026-09-01,2026-06-30,62,published,Core V1 source set - 2026 Q3
ds_4d740680cd09d152a4b4b3d148b91a6cdd0e7157f2b152089f553c8a554ce17d,analysis_region_d89ce1738a10f92392bc53a7934a0e60b4c166bda77b51a64604a25e49575cbf,06414,"WIESBADEN,STADT",19770,220762,8.9553,740,1366,1155,211,0,44076.700,69.0946,10.6727,37.4305,2229.4740,VALIDATED,2026-07-01,2026-09-01,2026-06-30,62,published,Core V1 source set - 2026 Q3
ds_4d740680cd09d152a4b4b3d148b91a6cdd0e7157f2b152089f553c8a554ce17d,analysis_region_faa963f88d5cebaafd4398208d162dcd07bf0f9fe94f816174976e6d3352eccc,06415,"HANAU,STADT",2394,53920,4.4399,144,249,168,81,0,15269.000,104.0100,33.8346,60.1504,6378.0284,VALIDATED,2026-07-01,2026-09-01,2026-06-30,62,published,Core V1 source set - 2026 Q3
ds_4d740680cd09d152a4b4b3d148b91a6cdd0e7157f2b152089f553c8a554ce17d,analysis_region_1e227c33217d88b50a2e65c9be4a14d9e0b67994511ae288f2ea7f692724bed3,06431,BERGSTRASSE,8576,180090,4.7621,371,652,443,209,0,38310.600,76.0261,24.3703,43.2603,4467.1875,VALIDATED,2026-07-01,2026-09-01,2026-06-30,62,published,Core V1 source set - 2026 Q3
ds_4d740680cd09d152a4b4b3d148b91a6cdd0e7157f2b152089f553c8a554ce17d,analysis_region_849fa1eebfacf5e08eb9a161cfe991d7a81f6995beb627f36012e1645d3a71a0,06432,DARMSTADT-DIEBURG,9721,192838,5.0410,345,645,462,183,0,29169.000,66.3512,18.8252,35.4902,3000.6172,VALIDATED,2026-07-01,2026-09-01,2026-06-30,62,published,Core V1 source set - 2026 Q3
ds_4d740680cd09d152a4b4b3d148b91a6cdd0e7157f2b152089f553c8a554ce17d,analysis_region_460107c8bb658bf4b562e385fb156bac9dae8d3859a570fa1647987da4bb570c,06433,GROSS-GERAU,11075,175398,6.3142,659,1272,1124,148,0,35478.000,114.8533,13.3634,59.5034,3203.4312,VALIDATED,2026-07-01,2026-09-01,2026-06-30,62,published,Core V1 source set - 2026 Q3
ds_4d740680cd09d152a4b4b3d148b91a6cdd0e7157f2b152089f553c8a554ce17d,analysis_region_e15dada711c588c1c370b196a3e6ca2fd0c709836617cbdffe5584e6892698f5,06434,HOCHTAUNUSKREIS,8847,163528,5.4101,215,392,307,85,0,13802.700,44.3088,9.6078,24.3020,1560.1560,VALIDATED,2026-07-01,2026-09-01,2026-06-30,62,published,Core V1 source set - 2026 Q3
ds_4d740680cd09d152a4b4b3d148b91a6cdd0e7157f2b152089f553c8a554ce17d,analysis_region_0452b86167f827def52441f2eae4985e6a339bf58966bfdecfa507f39482f523,06435,MAIN-KINZIG-KREIS,8774,215982,4.0624,437,736,439,297,0,48123.000,83.8842,33.8500,49.8062,5484.7276,VALIDATED,2026-07-01,2026-09-01,2026-06-30,62,published,Core V1 source set - 2026 Q3
ds_4d740680cd09d152a4b4b3d148b91a6cdd0e7157f2b152089f553c8a554ce17d,analysis_region_4ca2f36295570b7469f24139370d6dde5299e5d4125afc1495b0a2ccb1fca911,06436,MAIN-TAUNUS-KREIS,8658,186741,4.6364,341,625,400,225,0,36848.000,72.1876,25.9875,39.3855,4255.9483,VALIDATED,2026-07-01,2026-09-01,2026-06-30,62,published,Core V1 source set - 2026 Q3
ds_4d740680cd09d152a4b4b3d148b91a6cdd0e7157f2b152089f553c8a554ce17d,analysis_region_eb4ee7e44eb6c07cc7b934bbdce30b04e51d6155beb7e5fe7c36413a9c004b13,06437,ODENWALDKREIS,2586,64269,4.0237,77,149,132,17,0,3548.000,57.6179,6.5739,29.7757,1372.0031,VALIDATED,2026-07-01,2026-09-01,2026-06-30,62,published,Core V1 source set - 2026 Q3
ds_4d740680cd09d152a4b4b3d148b91a6cdd0e7157f2b152089f553c8a554ce17d,analysis_region_13ac05e93c88d8ea6c810ace34ed8b88534e9c9741a0b7dfb0f3a457c1a46ae7,06438,OFFENBACH,9724,222909,4.3623,355,680,525,155,0,26498.000,69.9301,15.9399,36.5076,2725.0103,VALIDATED,2026-07-01,2026-09-01,2026-06-30,62,published,Core V1 source set - 2026 Q3
ds_4d740680cd09d152a4b4b3d148b91a6cdd0e7157f2b152089f553c8a554ce17d,analysis_region_1ecd4791cb920206e29fde9b102753ff5d10409b4c62abadec66e57e95460cd2,06439,RHEINGAU-TAUNUS-KREIS,7293,127641,5.7137,194,366,271,95,0,16155.600,50.1851,13.0262,26.6009,2215.2201,VALIDATED,2026-07-01,2026-09-01,2026-06-30,62,published,Core V1 source set - 2026 Q3
ds_4d740680cd09d152a4b4b3d148b91a6cdd0e7157f2b152089f553c8a554ce17d,analysis_region_d34e8a5bf5bcbdbcbf48c0518c9c74692bb59c0091b24acb7986864af138912a,06440,WETTERAUKREIS,9571,201175,4.7575,304,550,429,121,0,21762.000,57.4653,12.6424,31.7626,2273.7436,VALIDATED,2026-07-01,2026-09-01,2026-06-30,62,published,Core V1 source set - 2026 Q3
ds_4d740680cd09d152a4b4b3d148b91a6cdd0e7157f2b152089f553c8a554ce17d,analysis_region_6d27126ac85848587245c4558990a68ee7ba85004881de5957f5194ad02d4c61,06531,GIESSEN,7973,161205,4.9459,364,640,425,215,0,32320.500,80.2709,26.9660,45.6541,4053.7439,VALIDATED,2026-07-01,2026-09-01,2026-06-30,62,published,Core V1 source set - 2026 Q3
ds_4d740680cd09d152a4b4b3d148b91a6cdd0e7157f2b152089f553c8a554ce17d,analysis_region_2677f2033f2a26e1091b2b3e1c9ae7ad16e870817e43c738e01e2b9f939cf399,06532,LAHN-DILL-KREIS,7340,169539,4.3294,307,524,247,277,0,40708.700,71.3896,37.7384,41.8256,5546.1444,VALIDATED,2026-07-01,2026-09-01,2026-06-30,62,published,Core V1 source set - 2026 Q3
ds_4d740680cd09d152a4b4b3d148b91a6cdd0e7157f2b152089f553c8a554ce17d,analysis_region_ccd0627be913712ddfc13f0d0a9c279542785d91191d934c9fb632eb035a452f,06533,LIMBURG-WEILBURG,5697,117172,4.8621,243,421,249,172,0,31459.800,73.8985,30.1913,42.6540,5522.1696,VALIDATED,2026-07-01,2026-09-01,2026-06-30,62,published,Core V1 source set - 2026 Q3
ds_4d740680cd09d152a4b4b3d148b91a6cdd0e7157f2b152089f553c8a554ce17d,analysis_region_65afc8bbe2b1c8280eb0331f6f05450f5a8b779873292a8b47cec3ccdcaa693e,06534,MARBURG-BIEDENKOPF,6361,149269,4.2614,266,515,350,165,0,21831.000,80.9621,25.9393,41.8173,3432.0075,VALIDATED,2026-07-01,2026-09-01,2026-06-30,62,published,Core V1 source set - 2026 Q3
ds_4d740680cd09d152a4b4b3d148b91a6cdd0e7157f2b152089f553c8a554ce17d,analysis_region_b064ae6a1cd7e8ede8bca51454265a93d8790542283e5f6cce1006408a539abc,06535,VOGELSBERGKREIS,2962,74608,3.9701,152,263,132,131,0,23285.000,88.7914,44.2269,51.3167,7861.2424,VALIDATED,2026-07-01,2026-09-01,2026-06-30,62,published,Core V1 source set - 2026 Q3
ds_4d740680cd09d152a4b4b3d148b91a6cdd0e7157f2b152089f553c8a554ce17d,analysis_region_e1f803227dc7ade0ee7959b63d7342f203a5c78b38f1aece136c764502a8b614,06611,"KASSEL,STADT",4813,91951,5.2343,303,650,506,144,0,25289.000,135.0509,29.9190,62.9545,5254.3112,VALIDATED,2026-07-01,2026-09-01,2026-06-30,62,published,Core V1 source set - 2026 Q3
ds_4d740680cd09d152a4b4b3d148b91a6cdd0e7157f2b152089f553c8a554ce17d,analysis_region_ccb333b7ce086cc8be20e27cc258839fd0175de5080bf45e4d2aef05cf4d9686,06631,FULDA,7223,149644,4.8268,420,743,579,164,0,30194.000,102.8658,22.7052,58.1476,4180.2575,VALIDATED,2026-07-01,2026-09-01,2026-06-30,62,published,Core V1 source set - 2026 Q3
ds_4d740680cd09d152a4b4b3d148b91a6cdd0e7157f2b152089f553c8a554ce17d,analysis_region_9fcd847075cee2ebada3753c8a696ccee6d6e1db6c723d7ff7ddad834c1d53cc,06632,HERSFELD-ROTENBURG,3335,81392,4.0975,187,314,96,218,0,36509.000,94.1529,65.3673,56.0720,10947.2264,VALIDATED,2026-07-01,2026-09-01,2026-06-30,62,published,Core V1 source set - 2026 Q3
ds_4d740680cd09d152a4b4b3d148b91a6cdd0e7157f2b152089f553c8a554ce17d,analysis_region_368b4ce2fcbc46bd0387f3df61e9e6cb3dd94cc05c6a93d55a25830071498e8e,06633,"KASSEL, LAND",8183,154664,5.2908,340,673,437,236,0,35606.400,82.2437,28.8403,41.5496,4351.2648,VALIDATED,2026-07-01,2026-09-01,2026-06-30,62,published,Core V1 source set - 2026 Q3
ds_4d740680cd09d152a4b4b3d148b91a6cdd0e7157f2b152089f553c8a554ce17d,analysis_region_cff6e6cc92276d8f4b36edf6ded1f8a2276d229c0e5d230f7fcd91573ead773d,06634,SCHWALM-EDER-KREIS,6025,123633,4.8733,262,440,185,255,0,38259.500,73.0290,42.3237,43.4855,6350.1245,VALIDATED,2026-07-01,2026-09-01,2026-06-30,62,published,Core V1 source set - 2026 Q3
ds_4d740680cd09d152a4b4b3d148b91a6cdd0e7157f2b152089f553c8a554ce17d,analysis_region_644ab98d81492979647791a0139507ae5643c4ec75b46f2f6571c6c6be70b2d6,06635,WALDECK-FRANKENBERG,5015,108398,4.6265,238,420,295,125,0,17995.000,83.7488,24.9252,47.4576,3588.2353,VALIDATED,2026-07-01,2026-09-01,2026-06-30,62,published,Core V1 source set - 2026 Q3
ds_4d740680cd09d152a4b4b3d148b91a6cdd0e7157f2b152089f553c8a554ce17d,analysis_region_48a0e2efe510b7ea3895288799f32168c3ccd4a49b9e321e97477082757dc03c,06636,WERRA-MEISSNER-KREIS,2589,63843,4.0553,96,166,73,93,0,13242.000,64.1174,35.9212,37.0800,5114.7161,VALIDATED,2026-07-01,2026-09-01,2026-06-30,62,published,Core V1 source set - 2026 Q3
ds_4d740680cd09d152a4b4b3d148b91a6cdd0e7157f2b152089f553c8a554ce17d,analysis_region_c95e59e577e6e2676283d73950bac8c80451718a19ba71223a7c76058fb8f65f,07111,"KOBLENZ,STADT",3949,65072,6.0687,218,420,229,191,0,29616.000,106.3560,48.3667,55.2038,7499.6202,VALIDATED,2026-07-01,2026-09-01,2026-06-30,62,published,Core V1 source set - 2026 Q3
ds_4d740680cd09d152a4b4b3d148b91a6cdd0e7157f2b152089f553c8a554ce17d,analysis_region_ff68932a5838bb725d98e3e19b36eae605b68628c6940f565fa2ef85c9e32ed3,07131,AHRWEILER,3600,89078,4.0414,176,284,208,76,0,14421.000,78.8889,21.1111,48.8889,4005.8333,VALIDATED,2026-07-01,2026-09-01,2026-06-30,62,published,Core V1 source set - 2026 Q3
ds_4d740680cd09d152a4b4b3d148b91a6cdd0e7157f2b152089f553c8a554ce17d,analysis_region_ecd158b9c59db13adbd572e6a596588eedf98ad8ced904037563294a35e3788c,07132,ALTENKIRCHEN(WESTWLD.),3885,88162,4.4067,94,163,88,75,0,9486.000,41.9562,19.3050,24.1956,2441.6988,VALIDATED,2026-07-01,2026-09-01,2026-06-30,62,published,Core V1 source set - 2026 Q3
ds_4d740680cd09d152a4b4b3d148b91a6cdd0e7157f2b152089f553c8a554ce17d,analysis_region_e6d9a0b539ac28fc895b4ca3b241f9b69682b99ed2f3639616e2f69b07433a81,07133,BAD KREUZNACH,4410,104398,4.2242,161,277,187,90,0,15288.800,62.8118,20.4082,36.5079,3466.8481,VALIDATED,2026-07-01,2026-09-01,2026-06-30,62,published,Core V1 source set - 2026 Q3
ds_4d740680cd09d152a4b4b3d148b91a6cdd0e7157f2b152089f553c8a554ce17d,analysis_region_b1d0b47775d8236370e6d197ed7c5e3e5821a350d854cf27255001614bbb4472,07134,BIRKENFELD,1516,53376,2.8402,57,99,57,42,0,5310.000,65.3034,27.7045,37.5989,3502.6385,VALIDATED,2026-07-01,2026-09-01,2026-06-30,62,published,Core V1 source set - 2026 Q3
ds_4d740680cd09d152a4b4b3d148b91a6cdd0e7157f2b152089f553c8a554ce17d,analysis_region_365444778b7590dc5094fa20f9efe070c758a3f23eb77a028eb0aa0b3a191b06,07135,COCHEM-ZELL,1828,43137,4.2377,80,138,115,23,0,4160.000,75.4923,12.5821,43.7637,2275.7112,VALIDATED,2026-07-01,2026-09-01,2026-06-30,62,published,Core V1 source set - 2026 Q3
ds_4d740680cd09d152a4b4b3d148b91a6cdd0e7157f2b152089f553c8a554ce17d,analysis_region_7cff4abf51fc6d556fa177117accaa13fd6d74e772329644b0a2d0c159b4ede2,07137,MAYEN-KOBLENZ,6586,145188,4.5362,230,438,277,161,0,23633.000,66.5047,24.4458,34.9226,3588.3693,VALIDATED,2026-07-01,2026-09-01,2026-06-30,62,published,Core V1 source set - 2026 Q3
ds_4d740680cd09d152a4b4b3d148b91a6cdd0e7157f2b152089f553c8a554ce17d,analysis_region_908a7b1c8aa5abb37c4ae9eb5060f4bff77d078d7a53bb62ca3fd45f6dc8ce51,07138,NEUWIED,5248,125998,4.1651,199,335,129,206,0,31884.000,63.8338,39.2530,37.9192,6075.4573,VALIDATED,2026-07-01,2026-09-01,2026-06-30,62,published,Core V1 source set - 2026 Q3
ds_4d740680cd09d152a4b4b3d148b91a6cdd0e7157f2b152089f553c8a554ce17d,analysis_region_44e4b7891c677aaa8072872452426cd4eb97a53537fd0a27a2f06d3badfec1a1,07140,RHEIN-HUNSRUECK-KREIS,3371,74621,4.5175,152,248,125,123,0,22007.000,73.5687,36.4877,45.0905,6528.3299,VALIDATED,2026-07-01,2026-09-01,2026-06-30,62,published,Core V1 source set - 2026 Q3
ds_4d740680cd09d152a4b4b3d148b91a6cdd0e7157f2b152089f553c8a554ce17d,analysis_region_fe1e47a1983268185bcee4412a6ae1809be0665e43fd90d6352f6dde4c800e49,07141,RHEIN-LAHN-KREIS,3626,83048,4.3661,97,183,127,56,0,6754.000,50.4688,15.4440,26.7512,1862.6586,VALIDATED,2026-07-01,2026-09-01,2026-06-30,62,published,Core V1 source set - 2026 Q3
ds_4d740680cd09d152a4b4b3d148b91a6cdd0e7157f2b152089f553c8a554ce17d,analysis_region_2b7219500f437eb253fbba0fb3fe46b562415e3c400bdda583c16437ff8065ff,07143,WESTERWALDKREIS,7326,144852,5.0576,234,420,210,210,0,30720.700,57.3301,28.6650,31.9410,4193.3797,VALIDATED,2026-07-01,2026-09-01,2026-06-30,62,published,Core V1 source set - 2026 Q3
ds_4d740680cd09d152a4b4b3d148b91a6cdd0e7157f2b152089f553c8a554ce17d,analysis_region_03546160f825485d6a19d79d8c0c3c65e9d13f57550cd51f9ffbd8ab7a1ee404,07211,TRIER-SAARBURG,7869,160422,4.9052,269,489,338,151,0,23112.400,62.1426,19.1892,34.1848,2937.1458,VALIDATED,2026-07-01,2026-09-01,2026-06-30,62,published,Core V1 source set - 2026 Q3
ds_4d740680cd09d152a4b4b3d148b91a6cdd0e7157f2b152089f553c8a554ce17d,analysis_region_1d10b6cde3060cdf07cb172a4ee3b408e78b136789fbcb5a4fea60535994111e,07231,BERNKASTEL-WITTLICH,3081,78474,3.9261,167,261,161,100,0,21197.700,84.7128,32.4570,54.2032,6880.1363,VALIDATED,2026-07-01,2026-09-01,2026-06-30,62,published,Core V1 source set - 2026 Q3
ds_4d740680cd09d152a4b4b3d148b91a6cdd0e7157f2b152089f553c8a554ce17d,analysis_region_6755a30ab6b2827bfd8bcbc35953495a34cd9b8dc264c648cd5641f567b3acd1,07232,EIFELKREIS BITBURG-PRUEM,3056,71737,4.2600,98,177,128,49,0,7917.000,57.9188,16.0340,32.0681,2590.6414,VALIDATED,2026-07-01,2026-09-01,2026-06-30,62,published,Core V1 source set - 2026 Q3
ds_4d740680cd09d152a4b4b3d148b91a6cdd0e7157f2b152089f553c8a554ce17d,analysis_region_0db032c6bb4f63a22af9708e521da7d96f8d6a49646803b8e35a8f47d2ad9881,07233,VULKANEIFEL,1716,43758,3.9216,110,182,163,19,0,5086.700,106.0606,11.0723,64.1026,2964.2774,VALIDATED,2026-07-01,2026-09-01,2026-06-30,62,published,Core V1 source set - 2026 Q3
ds_4d740680cd09d152a4b4b3d148b91a6cdd0e7157f2b152089f553c8a554ce17d,analysis_region_ba58c46c2fea219833521b29e50b4a953f7faf6643513597d4b68e9469937880,07311,"FRANKENTHAL(PFALZ),STADT",900,27445,3.2793,42,77,49,28,0,3445.000,85.5556,31.1111,46.6667,3827.7778,VALIDATED,2026-07-01,2026-09-01,2026-06-30,62,published,Core V1 source set - 2026 Q3
ds_4d740680cd09d152a4b4b3d148b91a6cdd0e7157f2b152089f553c8a554ce17d,analysis_region_7e778f724074a2b171254ac8379b760a605c08925399c587a3e4b6289ed38719,07312,"KAISERSLAUTERN,STADT",2206,50228,4.3920,196,354,188,166,0,22441.000,160.4714,75.2493,88.8486,10172.7108,VALIDATED,2026-07-01,2026-09-01,2026-06-30,62,published,Core V1 source set - 2026 Q3
ds_4d740680cd09d152a4b4b3d148b91a6cdd0e7157f2b152089f553c8a554ce17d,analysis_region_8611e4eae3d1e3837cf7626a3e6d0bc97b1e3a2997e311c3c96002995c9b2a74,07313,"LANDAU I.D.PFALZ,STADT",1427,28693,4.9733,80,166,124,42,0,7298.000,116.3280,29.4324,56.0617,5114.2256,VALIDATED,2026-07-01,2026-09-01,2026-06-30,62,published,Core V1 source set - 2026 Q3
ds_4d740680cd09d152a4b4b3d148b91a6cdd0e7157f2b152089f553c8a554ce17d,analysis_region_7c5414f54f3b287bd70fd162d7f1e5af74dc6ff1c989b2146e88d037d5d36e8e,07314,"LUDWIGSHAFEN A.RH.,STADT",3592,85136,4.2191,211,343,212,131,0,16882.000,95.4900,36.4699,58.7416,4699.8886,VALIDATED,2026-07-01,2026-09-01,2026-06-30,62,published,Core V1 source set - 2026 Q3
ds_4d740680cd09d152a4b4b3d148b91a6cdd0e7157f2b152089f553c8a554ce17d,analysis_region_07520d2630745d7414f230cd487f994b11d2aab5eb74e2710805f6a5b8840325,07315,"MAINZ,STADT",5591,103475,5.4032,330,572,470,102,0,19312.000,102.3073,18.2436,59.0234,3454.1227,VALIDATED,2026-07-01,2026-09-01,2026-06-30,62,published,Core V1 source set - 2026 Q3
ds_4d740680cd09d152a4b4b3d148b91a6cdd0e7157f2b152089f553c8a554ce17d,analysis_region_c041145b6a8c85d617b5ad05cd785d4226d1061508eeae0e4b250221d342e04a,07316,"NEUSTADT A.D.WSTR.,STADT",1706,34051,5.0101,74,148,97,51,0,8409.000,86.7526,29.8945,43.3763,4929.0739,VALIDATED,2026-07-01,2026-09-01,2026-06-30,62,published,Core V1 source set - 2026 Q3
ds_4d740680cd09d152a4b4b3d148b91a6cdd0e7157f2b152089f553c8a554ce17d,analysis_region_51dea30fa2e92fb67df4592256ccc39715d79521b98cab7e262c1b714aa8060b,07317,"PIRMASENS,STADT",762,23385,3.2585,23,44,27,17,0,2149.000,57.7428,22.3097,30.1837,2820.2100,VALIDATED,2026-07-01,2026-09-01,2026-06-30,62,published,Core V1 source set - 2026 Q3
ds_4d740680cd09d152a4b4b3d148b91a6cdd0e7157f2b152089f553c8a554ce17d,analysis_region_9cd716dddc4cd27c31b51b9052a9b20b159f1393a0fff6ad3bb57466a67d52b0,07318,"SPEYER,STADT",1276,30464,4.1886,119,181,141,40,0,6780.000,141.8495,31.3480,93.2602,5313.4796,VALIDATED,2026-07-01,2026-09-01,2026-06-30,62,published,Core V1 source set - 2026 Q3
ds_4d740680cd09d152a4b4b3d148b91a6cdd0e7157f2b152089f553c8a554ce17d,analysis_region_b44b5fe8762af3aed42ef1fbb3262d85427d747bec7f30ff7dcbbd0d9ee84032,07319,"WORMS,STADT",1709,47167,3.6233,60,105,42,63,0,8045.400,61.4394,36.8637,35.1083,4707.6653,VALIDATED,2026-07-01,2026-09-01,2026-06-30,62,published,Core V1 source set - 2026 Q3
ds_4d740680cd09d152a4b4b3d148b91a6cdd0e7157f2b152089f553c8a554ce17d,analysis_region_f445f8f09cb9fe99ad7db0a32f87f3bc47e825bed902cb7636563ab0830a5674,07320,"ZWEIBRUECKEN,STADT",896,21695,4.1300,89,180,96,84,0,9680.000,200.8929,93.7500,99.3304,10803.5714,VALIDATED,2026-07-01,2026-09-01,2026-06-30,62,published,Core V1 source set - 2026 Q3
ds_4d740680cd09d152a4b4b3d148b91a6cdd0e7157f2b152089f553c8a554ce17d,analysis_region_12e29c3e9fd57f7d15469f4719b8cc7f2cd176edd77de046a91289686d9854c7,07331,ALZEY-WORMS,4314,89188,4.8370,126,204,108,96,0,17500.200,47.2879,22.2531,29.2072,4056.6064,VALIDATED,2026-07-01,2026-09-01,2026-06-30,62,published,Core V1 source set - 2026 Q3
ds_4d740680cd09d152a4b4b3d148b91a6cdd0e7157f2b152089f553c8a554ce17d,analysis_region_a3e5d19fcb18f3a82b5744660332da96877d2b223792ae1f8cc348427d4fc8bd,07332,BAD DUERKHEIM,4629,94178,4.9152,105,196,118,78,0,9559.000,42.3418,16.8503,22.6831,2065.0248,VALIDATED,2026-07-01,2026-09-01,2026-06-30,62,published,Core V1 source set - 2026 Q3
ds_4d740680cd09d152a4b4b3d148b91a6cdd0e7157f2b152089f553c8a554ce17d,analysis_region_c52163af2b211d948755e807ac704f238e17f9d4843fdacdc27bd2e87a762ed7,07333,DONNERSBERGKREIS,2184,52608,4.1515,58,112,75,37,0,5633.000,51.2821,16.9414,26.5568,2579.2125,VALIDATED,2026-07-01,2026-09-01,2026-06-30,62,published,Core V1 source set - 2026 Q3
ds_4d740680cd09d152a4b4b3d148b91a6cdd0e7157f2b152089f553c8a554ce17d,analysis_region_fc5000590489e9069c161948b887ee1e84a897ef4d6ae46a7459dfd8a4a9f0aa,07334,GERMERSHEIM,3904,86292,4.5242,81,155,58,97,0,10950.000,39.7029,24.8463,20.7480,2804.8156,VALIDATED,2026-07-01,2026-09-01,2026-06-30,62,published,Core V1 source set - 2026 Q3
ds_4d740680cd09d152a4b4b3d148b91a6cdd0e7157f2b152089f553c8a554ce17d,analysis_region_9fb14c03b3746ec9dddd6d3997b6b3b7c6c0b8c84d787b856f2e4082edf47fe5,07335,KAISERSLAUTERN,2957,71139,4.1567,70,128,55,73,0,8438.000,43.2871,24.6872,23.6726,2853.5678,VALIDATED,2026-07-01,2026-09-01,2026-06-30,62,published,Core V1 source set - 2026 Q3
ds_4d740680cd09d152a4b4b3d148b91a6cdd0e7157f2b152089f553c8a554ce17d,analysis_region_0666f02dfe216f4e00d576366b93030dce2ce93c256e9ebbcb68af8c9b214ff6,07336,KUSEL,1542,48253,3.1957,29,54,37,17,0,1869.000,35.0195,11.0246,18.8067,1212.0623,VALIDATED,2026-07-01,2026-09-01,2026-06-30,62,published,Core V1 source set - 2026 Q3
ds_4d740680cd09d152a4b4b3d148b91a6cdd0e7157f2b152089f553c8a554ce17d,analysis_region_9006c8d23b114c9706fd5bf4f6ff5aab8c4ef4e21060f3144a5e00d5f3fdbdb7,07337,SUEDLICHE WEINSTRASSE,3882,79752,4.8676,88,168,112,56,0,6101.000,43.2767,14.4256,22.6687,1571.6126,VALIDATED,2026-07-01,2026-09-01,2026-06-30,62,published,Core V1 source set - 2026 Q3
ds_4d740680cd09d152a4b4b3d148b91a6cdd0e7157f2b152089f553c8a554ce17d,analysis_region_406f2c53b0b2829c8c2f49fa87c156fbb3a3e39689208b88a1a43a39fbfdb022,07338,RHEIN-PFALZ-KREIS,4830,103683,4.6584,125,226,162,64,0,7780.000,46.7909,13.2505,25.8799,1610.7660,VALIDATED,2026-07-01,2026-09-01,2026-06-30,62,published,Core V1 source set - 2026 Q3
ds_4d740680cd09d152a4b4b3d148b91a6cdd0e7157f2b152089f553c8a554ce17d,analysis_region_50fdb3240f684056bc5434cea244ce86e0c562118022bc9b280eaa76cbff8bcf,07339,MAINZ-BINGEN,7975,147520,5.4060,229,404,238,166,0,25813.500,50.6583,20.8150,28.7147,3236.8025,VALIDATED,2026-07-01,2026-09-01,2026-06-30,62,published,Core V1 source set - 2026 Q3
ds_4d740680cd09d152a4b4b3d148b91a6cdd0e7157f2b152089f553c8a554ce17d,analysis_region_e1e7df4e324362111377f6aca72f9cb0855c71a59d6c42e6d008e91c5fe46817,07340,SUEDWESTPFALZ,2490,68574,3.6311,50,90,56,34,0,3780.000,36.1446,13.6546,20.0803,1518.0723,VALIDATED,2026-07-01,2026-09-01,2026-06-30,62,published,Core V1 source set - 2026 Q3
ds_4d740680cd09d152a4b4b3d148b91a6cdd0e7157f2b152089f553c8a554ce17d,analysis_region_af99f24db2fa26841fadfd4405533f098c588f9c06f77bc43fbac9546a877d4a,08111,"STUTTGART,STADT",25035,301767,8.2961,2414,4369,4155,214,0,88712.600,174.5157,8.5480,96.4250,3543.5430,VALIDATED,2026-07-01,2026-09-01,2026-06-30,62,published,Core V1 source set - 2026 Q3
ds_4d740680cd09d152a4b4b3d148b91a6cdd0e7157f2b152089f553c8a554ce17d,analysis_region_c74b87b230aa24f3ef9bcc6272618bf263cdcad1d739a85de1c662882aa27a9e,08115,BOEBLINGEN,21110,267836,7.8817,1113,2024,1765,259,0,68145.300,95.8787,12.2691,52.7238,3228.1052,VALIDATED,2026-07-01,2026-09-01,2026-06-30,62,published,Core V1 source set - 2026 Q3
ds_4d740680cd09d152a4b4b3d148b91a6cdd0e7157f2b152089f553c8a554ce17d,analysis_region_3a213143274f25bdb1908cae5dca7d492fc5ac01db24f14f45fd88eaa84e7d63,08116,ESSLINGEN,19641,345417,5.6862,717,1372,1162,210,0,44295.400,69.8539,10.6919,36.5053,2255.2518,VALIDATED,2026-07-01,2026-09-01,2026-06-30,62,published,Core V1 source set - 2026 Q3
ds_4d740680cd09d152a4b4b3d148b91a6cdd0e7157f2b152089f553c8a554ce17d,analysis_region_c0bd3a54f008d5b68433add0f700988d80af099170043c7b0a31cd78ff584395,08117,GOEPPINGEN,7670,172961,4.4345,424,804,659,145,0,27462.700,104.8240,18.9048,55.2803,3580.5346,VALIDATED,2026-07-01,2026-09-01,2026-06-30,62,published,Core V1 source set - 2026 Q3
ds_4d740680cd09d152a4b4b3d148b91a6cdd0e7157f2b152089f553c8a554ce17d,analysis_region_bc5962f15c451df6f5f99201b0a5fcfdb53148cd9680eb89d4186edaf4be9725,08118,LUDWIGSBURG,17517,343091,5.1056,723,1387,1157,230,0,39650.000,79.1802,13.1301,41.2742,2263.5154,VALIDATED,2026-07-01,2026-09-01,2026-06-30,62,published,Core V1 source set - 2026 Q3
ds_4d740680cd09d152a4b4b3d148b91a6cdd0e7157f2b152089f553c8a554ce17d,analysis_region_45a6b1fdbe9929300c54e8f0b33e4ce9c6eb8b50595d010b1b73b535e5558952,08119,REMS-MURR-KREIS,13243,276271,4.7935,586,1077,875,202,0,36893.500,81.3260,15.2533,44.2498,2785.8869,VALIDATED,2026-07-01,2026-09-01,2026-06-30,62,published,Core V1 source set - 2026 Q3
ds_4d740680cd09d152a4b4b3d148b91a6cdd0e7157f2b152089f553c8a554ce17d,analysis_region_da463974a25158721453998fdb77e84bb0cd58e1ee22cee423868feb71ba7ee0,08121,"HEILBRONN,STADT",2798,70791,3.9525,405,856,789,67,0,17984.000,305.9328,23.9457,144.7462,6427.4482,VALIDATED,2026-07-01,2026-09-01,2026-06-30,62,published,Core V1 source set - 2026 Q3
ds_4d740680cd09d152a4b4b3d148b91a6cdd0e7157f2b152089f553c8a554ce17d,analysis_region_c66eeb26e19175bfbf8ccbac8fd999b2a00adfc7182007227fac8d77f08c3621,08125,HEILBRONN,13311,260932,5.1013,664,1246,1013,233,0,44506.500,93.6068,17.5043,49.8836,3343.5880,VALIDATED,2026-07-01,2026-09-01,2026-06-30,62,published,Core V1 source set - 2026 Q3
ds_4d740680cd09d152a4b4b3d148b91a6cdd0e7157f2b152089f553c8a554ce17d,analysis_region_e9138d34770dcae7eecfacebfbf2bcf1acdfd6a1ecabe7e88f930476dcd1d905,08126,HOHENLOHEKREIS,5938,89037,6.6691,285,563,441,122,0,28197.400,94.8131,20.5456,47.9960,4748.6359,VALIDATED,2026-07-01,2026-09-01,2026-06-30,62,published,Core V1 source set - 2026 Q3
ds_4d740680cd09d152a4b4b3d148b91a6cdd0e7157f2b152089f553c8a554ce17d,analysis_region_07f3aa29db049ac9212b45ff383d75a558ac8235270ae2b8c66055d4f700cd4d,08127,SCHWAEBISCH-HALL,6599,139863,4.7182,316,588,499,89,0,21454.900,89.1044,13.4869,47.8860,3251.2350,VALIDATED,2026-07-01,2026-09-01,2026-06-30,62,published,Core V1 source set - 2026 Q3
ds_4d740680cd09d152a4b4b3d148b91a6cdd0e7157f2b152089f553c8a554ce17d,analysis_region_bd46e75d517c0fc63047ae5efef3693bb6618ddf8cd80b5096f4f5d343fc991b,08128,MAIN-TAUBER-KREIS,3822,93766,4.0761,255,487,346,141,0,26239.000,127.4202,36.8917,66.7190,6865.2538,VALIDATED,2026-07-01,2026-09-01,2026-06-30,62,published,Core V1 source set - 2026 Q3
ds_4d740680cd09d152a4b4b3d148b91a6cdd0e7157f2b152089f553c8a554ce17d,analysis_region_f667aa9ea011ec2170e7601271ec7111b3232a22d0db2b1729735110911d4dda,08135,HEIDENHEIM,3170,88613,3.5774,134,233,156,77,0,14342.000,73.5016,24.2902,42.2713,4524.2902,VALIDATED,2026-07-01,2026-09-01,2026-06-30,62,published,Core V1 source set - 2026 Q3
ds_4d740680cd09d152a4b4b3d148b91a6cdd0e7157f2b152089f553c8a554ce17d,analysis_region_05619c94f83e139bb8f1e32cfd01383048b545a67e3494f630df432bf80b2550,08136,OSTALBKREIS,9541,215991,4.4173,460,855,710,145,0,27057.700,89.6132,15.1976,48.2130,2835.9396,VALIDATED,2026-07-01,2026-09-01,2026-06-30,62,published,Core V1 source set - 2026 Q3
ds_4d740680cd09d152a4b4b3d148b91a6cdd0e7157f2b152089f553c8a554ce17d,analysis_region_c1e50f34f03df80928829506f4e19da3a16d843ba04ab95ad5ec210d47996e56,08211,"BADEN-BADEN,STADT",1902,36605,5.1960,109,176,138,38,0,7521.000,92.5342,19.9790,57.3081,3954.2587,VALIDATED,2026-07-01,2026-09-01,2026-06-30,62,published,Core V1 source set - 2026 Q3
ds_4d740680cd09d152a4b4b3d148b91a6cdd0e7157f2b152089f553c8a554ce17d,analysis_region_cfd7eb6e74dc49215ba1416073f2bcb8cfb6c14e45a7b6d42bcd4feae8f24414,08212,"KARLSRUHE,STADT",8933,141090,6.3314,334,643,449,194,0,29430.600,71.9803,21.7172,37.3895,3294.5931,VALIDATED,2026-07-01,2026-09-01,2026-06-30,62,published,Core V1 source set - 2026 Q3
ds_4d740680cd09d152a4b4b3d148b91a6cdd0e7157f2b152089f553c8a554ce17d,analysis_region_5f174fbbe67b2874fb7920683db2aa3b23348fc0267d36385ee4bbaa21d6f621,08215,KARLSRUHE,14783,293057,5.0444,536,1049,787,262,0,44769.600,70.9599,17.7231,36.2579,3028.4516,VALIDATED,2026-07-01,2026-09-01,2026-06-30,62,published,Core V1 source set - 2026 Q3
ds_4d740680cd09d152a4b4b3d148b91a6cdd0e7157f2b152089f553c8a554ce17d,analysis_region_6dbcdb28905fa3e71fefc241592d18f4c515899946b30a11d90ccce65a891c0e,08216,RASTATT,7296,155507,4.6918,328,645,535,110,0,20133.900,88.4046,15.0768,44.9561,2759.5806,VALIDATED,2026-07-01,2026-09-01,2026-06-30,62,published,Core V1 source set - 2026 Q3
ds_4d740680cd09d152a4b4b3d148b91a6cdd0e7157f2b152089f553c8a554ce17d,analysis_region_c7300df1332d72e3896721c020b180c869828d8cb1e9c2353fcedae820be2897,08221,"HEIDELBERG,STADT",3558,61784,5.7588,411,784,724,60,0,16359.000,220.3485,16.8634,115.5143,4597.8078,VALIDATED,2026-07-01,2026-09-01,2026-06-30,62,published,Core V1 source set - 2026 Q3
ds_4d740680cd09d152a4b4b3d148b91a6cdd0e7157f2b152089f553c8a554ce17d,analysis_region_9b05cb36d6a0e3575eff617ad2232b3306889a50c885ea3c6dbe7b41b2d26428,08222,"MANNHEIM,STADT",8409,158621,5.3013,468,824,599,225,0,34783.900,97.9902,26.7570,55.6547,4136.5085,VALIDATED,2026-07-01,2026-09-01,2026-06-30,62,published,Core V1 source set - 2026 Q3
ds_4d740680cd09d152a4b4b3d148b91a6cdd0e7157f2b152089f553c8a554ce17d,analysis_region_5ec2010b6dfd28f249c3383c61b41c8c9516ff9ad368bf297f0275721e718b8f,08225,NECKAR-ODENWALD-KREIS,3877,99005,3.9160,178,328,261,67,0,10118.400,84.6015,17.2814,45.9118,2609.8530,VALIDATED,2026-07-01,2026-09-01,2026-06-30,62,published,Core V1 source set - 2026 Q3
ds_4d740680cd09d152a4b4b3d148b91a6cdd0e7157f2b152089f553c8a554ce17d,analysis_region_26eff229c8be9a50fbffe5af64e82c5057a1d42802118cf79988b3f57f14f7e3,08226,RHEIN-NECKAR-KREIS,24353,365720,6.6589,635,1192,745,447,0,63875.800,48.9467,18.3550,26.0748,2622.9130,VALIDATED,2026-07-01,2026-09-01,2026-06-30,62,published,Core V1 source set - 2026 Q3
ds_4d740680cd09d152a4b4b3d148b91a6cdd0e7157f2b152089f553c8a554ce17d,analysis_region_055f15a80ad55b93ad1678f09fa244b062eaf04c7f3d3e316c08c71df63f1f0e,08231,"PFORZHEIM,STADT",2831,63953,4.4267,185,349,258,91,0,17068.500,123.2780,32.1441,65.3479,6029.1416,VALIDATED,2026-07-01,2026-09-01,2026-06-30,62,published,Core V1 source set - 2026 Q3
ds_4d740680cd09d152a4b4b3d148b91a6cdd0e7157f2b152089f553c8a554ce17d,analysis_region_1fe51b474840560da58d2acc9dfa5689ccde0e59c43e53761d2fdd5486669d3a,08235,CALW,6572,112140,5.8605,264,440,418,22,0,9550.000,66.9507,3.3475,40.1704,1453.1345,VALIDATED,2026-07-01,2026-09-01,2026-06-30,62,published,Core V1 source set - 2026 Q3
ds_4d740680cd09d152a4b4b3d148b91a6cdd0e7157f2b152089f553c8a554ce17d,analysis_region_3127a65fdbf00bec23f6e10b09ac5d221822153db0747416639387803402fbe4,08236,ENZKREIS,6677,138161,4.8328,212,397,317,80,0,13288.000,59.4578,11.9814,31.7508,1990.1153,VALIDATED,2026-07-01,2026-09-01,2026-06-30,62,published,Core V1 source set - 2026 Q3
ds_4d740680cd09d152a4b4b3d148b91a6cdd0e7157f2b152089f553c8a554ce17d,analysis_region_b0a7de602c806468657fa881ddb9c47b382c0d31ef1195c5f77cb0136363d490,08237,FREUDENSTADT,3651,82973,4.4002,198,370,277,93,0,14430.000,101.3421,25.4725,54.2317,3952.3418,VALIDATED,2026-07-01,2026-09-01,2026-06-30,62,published,Core V1 source set - 2026 Q3
ds_4d740680cd09d152a4b4b3d148b91a6cdd0e7157f2b152089f553c8a554ce17d,analysis_region_d0e2931d560fa7a65e8a04a9359b80b785367bb091bb6746dec15e9b96e6c713,08311,FREIBURG I.BREISG.STADT,5570,95615,5.8254,475,848,693,155,0,27783.000,152.2442,27.8276,85.2783,4987.9713,VALIDATED,2026-07-01,2026-09-01,2026-06-30,62,published,Core V1 source set - 2026 Q3
ds_4d740680cd09d152a4b4b3d148b91a6cdd0e7157f2b152089f553c8a554ce17d,analysis_region_9a4aef91b1737e2c51f7aa1f6fa79590ac64e3e0fb72f1a6f96605cc08471489,08315,BREISGAU-HOCHSCHWARZWALD,8667,166561,5.2035,389,796,649,147,0,29793.000,91.8426,16.9609,44.8829,3437.5216,VALIDATED,2026-07-01,2026-09-01,2026-06-30,62,published,Core V1 source set - 2026 Q3
ds_4d740680cd09d152a4b4b3d148b91a6cdd0e7157f2b152089f553c8a554ce17d,analysis_region_0815038c9fb826bfd365b7d15bff006e3e4a676c7a891b33077ea9e8ee366969,08316,EMMENDINGEN,5205,107463,4.8435,262,680,613,67,0,16327.000,130.6436,12.8722,50.3362,3136.7915,VALIDATED,2026-07-01,2026-09-01,2026-06-30,62,published,Core V1 source set - 2026 Q3
ds_4d740680cd09d152a4b4b3d148b91a6cdd0e7157f2b152089f553c8a554ce17d,analysis_region_39a92ec225d626f13b61ea166259795176f8cfec068a26234b4b63f314a722b3,08317,ORTENAUKREIS,12548,288002,4.3569,727,1443,1080,363,0,62895.900,114.9984,28.9289,57.9375,5012.4243,VALIDATED,2026-07-01,2026-09-01,2026-06-30,62,published,Core V1 source set - 2026 Q3
ds_4d740680cd09d152a4b4b3d148b91a6cdd0e7157f2b152089f553c8a554ce17d,analysis_region_9a3c466d43396845f7284405ff4255872fa0f1cfe9e3b96e9fdfa98f3c5846e4,08325,ROTTWEIL,4278,98677,4.3354,192,340,237,103,0,18488.000,79.4764,24.0767,44.8808,4321.6456,VALIDATED,2026-07-01,2026-09-01,2026-06-30,62,published,Core V1 source set - 2026 Q3
ds_4d740680cd09d152a4b4b3d148b91a6cdd0e7157f2b152089f553c8a554ce17d,analysis_region_b0a0321e586c1cec7be8f81fcb34fbb161a16d181e9a2599b3f27e822923864c,08326,SCHWARZWALD-BAAR-KREIS,5754,137371,4.1887,266,544,440,104,0,17892.800,94.5429,18.0744,46.2287,3109.6281,VALIDATED,2026-07-01,2026-09-01,2026-06-30,62,published,Core V1 source set - 2026 Q3
ds_4d740680cd09d152a4b4b3d148b91a6cdd0e7157f2b152089f553c8a554ce17d,analysis_region_bd4a2a1c743c00236dc00afe04317afad40c99ba03190318ed8a6390ecd936ca,08327,TUTTLINGEN,4161,94583,4.3993,182,369,311,58,0,9466.000,88.6806,13.9390,43.7395,2274.9339,VALIDATED,2026-07-01,2026-09-01,2026-06-30,62,published,Core V1 source set - 2026 Q3
ds_4d740680cd09d152a4b4b3d148b91a6cdd0e7157f2b152089f553c8a554ce17d,analysis_region_abceec3c05c3936c2d09ded2f508f10963113be75b52ca8dde3a3b52e6356682,08335,KONSTANZ,8211,168529,4.8722,417,722,552,170,0,31791.000,87.9308,20.7039,50.7855,3871.7574,VALIDATED,2026-07-01,2026-09-01,2026-06-30,62,published,Core V1 source set - 2026 Q3
ds_4d740680cd09d152a4b4b3d148b91a6cdd0e7157f2b152089f553c8a554ce17d,analysis_region_bb025ddb017d7c9413e8514b6d5a8a8e2285b3febe1bcd53b5dd014c3f289792,08336,LOERRACH,7006,141523,4.9504,256,499,372,127,0,22435.000,71.2247,18.1273,36.5401,3202.2552,VALIDATED,2026-07-01,2026-09-01,2026-06-30,62,published,Core V1 source set - 2026 Q3
ds_4d740680cd09d152a4b4b3d148b91a6cdd0e7157f2b152089f553c8a554ce17d,analysis_region_fe3f224ae1fca7b76041f09f49e901cf61dabffdeb13f2100e6805d46807b0c2,08337,WALDSHUT,5893,113703,5.1828,228,471,382,89,0,13266.400,79.9253,15.1027,38.6900,2251.2133,VALIDATED,2026-07-01,2026-09-01,2026-06-30,62,published,Core V1 source set - 2026 Q3
ds_4d740680cd09d152a4b4b3d148b91a6cdd0e7157f2b152089f553c8a554ce17d,analysis_region_ff30030ca4d8709bcec5a1809256685f7fd65330eb2e76fa78a27c8f400c4fa0,08415,REUTLINGEN,8602,186596,4.6100,377,731,614,117,0,20855.600,84.9802,13.6015,43.8270,2424.5059,VALIDATED,2026-07-01,2026-09-01,2026-06-30,62,published,Core V1 source set - 2026 Q3
ds_4d740680cd09d152a4b4b3d148b91a6cdd0e7157f2b152089f553c8a554ce17d,analysis_region_38c0eb32dc4c08873cd83a54e7aa153f59f70601584aa524545c716b9c54c913,08416,TUEBINGEN,6988,131523,5.3131,377,679,571,108,0,20146.000,97.1666,15.4551,53.9496,2882.9422,VALIDATED,2026-07-01,2026-09-01,2026-06-30,62,published,Core V1 source set - 2026 Q3
ds_4d740680cd09d152a4b4b3d148b91a6cdd0e7157f2b152089f553c8a554ce17d,analysis_region_307d7bef48e18e6110362fc83e635953d56dc999e795467dbd184e8da26e2f47,08417,ZOLLERNALBKREIS,5349,133503,4.0067,154,293,225,68,0,8695.000,54.7766,12.7127,28.7904,1625.5375,VALIDATED,2026-07-01,2026-09-01,2026-06-30,62,published,Core V1 source set - 2026 Q3
ds_4d740680cd09d152a4b4b3d148b91a6cdd0e7157f2b152089f553c8a554ce17d,analysis_region_97ac2f6b422282698160a8bf0a296ba8588dad6438ee90af282e289c53797f0c,08421,"ULM,STADT",4188,69079,6.0626,340,634,526,108,0,20583.000,151.3849,25.7880,81.1843,4914.7564,VALIDATED,2026-07-01,2026-09-01,2026-06-30,62,published,Core V1 source set - 2026 Q3
ds_4d740680cd09d152a4b4b3d148b91a6cdd0e7157f2b152089f553c8a554ce17d,analysis_region_b3048ceef00d16a23ceea6cf1c2cda30fe8c5519c42c49b5ce26c311cc8012cb,08425,ALB-DONAU-KREIS,6622,136814,4.8401,609,847,679,168,0,35749.700,127.9070,25.3700,91.9662,5398.6258,VALIDATED,2026-07-01,2026-09-01,2026-06-30,62,published,Core V1 source set - 2026 Q3
ds_4d740680cd09d152a4b4b3d148b91a6cdd0e7157f2b152089f553c8a554ce17d,analysis_region_e2be939825b97b6c40acbe46730b8d91baf6542c21e1e50e396c6e5eeb23d264,08426,BIBERACH,7380,141142,5.2288,170,312,232,80,0,12281.000,42.2764,10.8401,23.0352,1664.0921,VALIDATED,2026-07-01,2026-09-01,2026-06-30,62,published,Core V1 source set - 2026 Q3
ds_4d740680cd09d152a4b4b3d148b91a6cdd0e7157f2b152089f553c8a554ce17d,analysis_region_9308ff86566a9a4f6f005abe968d0cd71d088c2ffbe4dc4a718009509af4b536,08435,BODENSEEKREIS,7327,145840,5.0240,354,632,534,98,0,19885.500,86.2563,13.3752,48.3145,2714.0030,VALIDATED,2026-07-01,2026-09-01,2026-06-30,62,published,Core V1 source set - 2026 Q3
ds_4d740680cd09d152a4b4b3d148b91a6cdd0e7157f2b152089f553c8a554ce17d,analysis_region_fea093630e4f618b88e9dffe9cc4592842d99156011660d6e6d20d43b441ac1a,08436,RAVENSBURG,9680,192908,5.0179,614,1077,850,227,0,40031.000,111.2603,23.4504,63.4298,4135.4339,VALIDATED,2026-07-01,2026-09-01,2026-06-30,62,published,Core V1 source set - 2026 Q3
ds_4d740680cd09d152a4b4b3d148b91a6cdd0e7157f2b152089f553c8a554ce17d,analysis_region_aae0ddb6c52009db2ac7776e92c4527e9bca018e4f2dd0a3cfbca252545eb089,08437,SIGMARINGEN,3908,91375,4.2769,119,225,176,49,0,6521.000,57.5742,12.5384,30.4504,1668.6285,VALIDATED,2026-07-01,2026-09-01,2026-06-30,62,published,Core V1 source set - 2026 Q3
ds_4d740680cd09d152a4b4b3d148b91a6cdd0e7157f2b152089f553c8a554ce17d,analysis_region_9a13b46952761b7c84d2c062d15ef2bd8cb24263929f6abba45df501cc091e86,09161,"INGOLSTADT,STADT",11266,109199,10.3169,858,1516,1305,211,0,45640.000,134.5642,18.7289,76.1584,4051.1273,VALIDATED,2026-07-01,2026-09-01,2026-06-30,62,published,Core V1 source set - 2026 Q3
ds_4d740680cd09d152a4b4b3d148b91a6cdd0e7157f2b152089f553c8a554ce17d,analysis_region_210dfd8921e59ddcd6cd9555c4b40227effb8e25f260d6b04f95586093a6e4bc,09162,"MUENCHEN,STADT",62153,792903,7.8387,2390,3664,3217,447,0,85950.500,58.9513,7.1919,38.4535,1382.8858,VALIDATED,2026-07-01,2026-09-01,2026-06-30,62,published,Core V1 source set - 2026 Q3
ds_4d740680cd09d152a4b4b3d148b91a6cdd0e7157f2b152089f553c8a554ce17d,analysis_region_c865df2fcde3833c5f90c225876c059f5cc0e5eae7f8d510e824b84a45685bca,09163,"ROSENHEIM,STADT",1687,36454,4.6278,85,136,68,68,0,10593.800,80.6165,40.3082,50.3853,6279.6680,VALIDATED,2026-07-01,2026-09-01,2026-06-30,62,published,Core V1 source set - 2026 Q3
ds_4d740680cd09d152a4b4b3d148b91a6cdd0e7157f2b152089f553c8a554ce17d,analysis_region_40b743a1fb154b5f504cef94cb1fc860ddff56d9b7549018b16ef12d17fb484a,09171,ALTOETTING,4014,75987,5.2825,205,401,313,88,0,12868.000,99.9003,21.9233,51.0713,3205.7798,VALIDATED,2026-07-01,2026-09-01,2026-06-30,62,published,Core V1 source set - 2026 Q3
ds_4d740680cd09d152a4b4b3d148b91a6cdd0e7157f2b152089f553c8a554ce17d,analysis_region_92717da9fc29cb0d2e52c3b04af134eefd4eb284a51387daa7ded7ff7efb0922,09172,BERCHTESGADENER LAND,2718,68524,3.9665,211,406,315,91,0,15405.000,149.3745,33.4805,77.6306,5667.7704,VALIDATED,2026-07-01,2026-09-01,2026-06-30,62,published,Core V1 source set - 2026 Q3
ds_4d740680cd09d152a4b4b3d148b91a6cdd0e7157f2b152089f553c8a554ce17d,analysis_region_d8221d31fb50a132932fe2662e213d9aa4b738bd435fead411fe8685efee92c3,09173,BAD TOELZ-WOLFRATSHAUSEN,3971,83367,4.7633,200,362,292,70,0,10482.900,91.1609,17.6278,50.3651,2639.8640,VALIDATED,2026-07-01,2026-09-01,2026-06-30,62,published,Core V1 source set - 2026 Q3
ds_4d740680cd09d152a4b4b3d148b91a6cdd0e7157f2b152089f553c8a554ce17d,analysis_region_a8548211a97153aec4c669317216450942c0d6b141b59749eaca947de0458389,09174,DACHAU,4799,97767,4.9086,155,291,217,74,0,14147.000,60.6376,15.4199,32.2984,2947.9058,VALIDATED,2026-07-01,2026-09-01,2026-06-30,62,published,Core V1 source set - 2026 Q3
ds_4d740680cd09d152a4b4b3d148b91a6cdd0e7157f2b152089f553c8a554ce17d,analysis_region_ece789088a3eca2c84cf98c43f96d8b45b57c4f14eb042db4b145869064b3761,09175,EBERSBERG,5678,90435,6.2785,236,429,309,120,0,24818.000,75.5548,21.1342,41.5639,4370.9052,VALIDATED,2026-07-01,2026-09-01,2026-06-30,62,published,Core V1 source set - 2026 Q3
ds_4d740680cd09d152a4b4b3d148b91a6cdd0e7157f2b152089f553c8a554ce17d,analysis_region_3dac40a3c4e1bcf3b9fc58398c30449d59867a7187b07fb324aa6df143d0b161,09176,EICHSTAETT,4482,90686,4.9423,229,392,271,121,0,21263.000,87.4610,26.9969,51.0933,4744.0875,VALIDATED,2026-07-01,2026-09-01,2026-06-30,62,published,Core V1 source set - 2026 Q3
ds_4d740680cd09d152a4b4b3d148b91a6cdd0e7157f2b152089f553c8a554ce17d,analysis_region_c4abbebdbe90cbbe36dbf5c14698efa4015e25b8600f0cc922d3a5a3036ab1af,09177,ERDING,4756,94940,5.0095,197,399,293,106,0,14709.000,83.8940,22.2876,41.4214,3092.7250,VALIDATED,2026-07-01,2026-09-01,2026-06-30,62,published,Core V1 source set - 2026 Q3
ds_4d740680cd09d152a4b4b3d148b91a6cdd0e7157f2b152089f553c8a554ce17d,analysis_region_f51e9951664bde53ddaf52002aa19fbcb73fab1eb2bce30901b4da9a8aa1e02a,09178,FREISING,6231,115894,5.3765,482,876,682,194,0,35522.900,140.5874,31.1346,77.3552,5700.9950,VALIDATED,2026-07-01,2026-09-01,2026-06-30,62,published,Core V1 source set - 2026 Q3
ds_4d740680cd09d152a4b4b3d148b91a6cdd0e7157f2b152089f553c8a554ce17d,analysis_region_bb9663198a41edbb439503495f3d73ae81f0c8ce51f61eb6d121f1c685012b3f,09179,FUERSTENFELDBRUCK,6304,127688,4.9370,268,485,354,131,0,17980.000,76.9353,20.7805,42.5127,2852.1574,VALIDATED,2026-07-01,2026-09-01,2026-06-30,62,published,Core V1 source set - 2026 Q3
ds_4d740680cd09d152a4b4b3d148b91a6cdd0e7157f2b152089f553c8a554ce17d,analysis_region_6520a57bb6dcffc399f860227a7a86476839d4d816bb737c02d42c7ab8282793,09180,GARMISCH-PARTENKIRCHEN,2216,54392,4.0741,205,390,303,87,0,16427.200,175.9928,39.2599,92.5090,7412.9964,VALIDATED,2026-07-01,2026-09-01,2026-06-30,62,published,Core V1 source set - 2026 Q3
ds_4d740680cd09d152a4b4b3d148b91a6cdd0e7157f2b152089f553c8a554ce17d,analysis_region_c58b9653d88703f597c01659f1d20a50f2fb0c7d5918910e334297954cc86263,09181,LANDSBERG AM LECH,6092,87882,6.9320,236,387,278,109,0,18779.000,63.5259,17.8923,38.7393,3082.5673,VALIDATED,2026-07-01,2026-09-01,2026-06-30,62,published,Core V1 source set - 2026 Q3
ds_4d740680cd09d152a4b4b3d148b91a6cdd0e7157f2b152089f553c8a554ce17d,analysis_region_fe8f1d3c50fa6d20d87128c90985699f959a2a6de86c9ebae7592220ae55c5d1,09182,MIESBACH,3683,68699,5.3611,251,413,290,123,0,24363.000,112.1368,33.3967,68.1510,6614.9878,VALIDATED,2026-07-01,2026-09-01,2026-06-30,62,published,Core V1 source set - 2026 Q3
ds_4d740680cd09d152a4b4b3d148b91a6cdd0e7157f2b152089f553c8a554ce17d,analysis_region_ca73e218d892b2d605a0fe4b5f0cf42f05b24e75189aa860ae366f38b47485df,09183,MUEHLDORF A.INN,3973,80461,4.9378,162,284,176,108,0,17183.000,71.4825,27.1835,40.7752,4324.9434,VALIDATED,2026-07-01,2026-09-01,2026-06-30,62,published,Core V1 source set - 2026 Q3
ds_4d740680cd09d152a4b4b3d148b91a6cdd0e7157f2b152089f553c8a554ce17d,analysis_region_5860790a1d1c8c47ad8d25626c0aea8dfec7a8677daf773bf696a05eeff6dd35,09184,MUENCHEN,21910,259660,8.4380,859,1459,1202,257,0,47831.900,66.5906,11.7298,39.2058,2183.1082,VALIDATED,2026-07-01,2026-09-01,2026-06-30,62,published,Core V1 source set - 2026 Q3
ds_4d740680cd09d152a4b4b3d148b91a6cdd0e7157f2b152089f553c8a554ce17d,analysis_region_deede4a2139adedae4531ac748ae088074069e1190c989ff644ad99efb83bbd3,09185,NEUBURG-SCHROBENHAUSEN,2857,69219,4.1275,117,207,151,56,0,6691.000,72.4536,19.6010,40.9520,2341.9671,VALIDATED,2026-07-01,2026-09-01,2026-06-30,62,published,Core V1 source set - 2026 Q3
ds_4d740680cd09d152a4b4b3d148b91a6cdd0e7157f2b152089f553c8a554ce17d,analysis_region_2a2b6e79e0c9f175092f4b39a39da12d8d682277f80213c72a0a600c251c84a0,09186,PFAFFENHOFEN A.D.ILM,4809,89327,5.3836,229,390,238,152,0,31938.600,81.0979,31.6074,47.6190,6641.4223,VALIDATED,2026-07-01,2026-09-01,2026-06-30,62,published,Core V1 source set - 2026 Q3
ds_4d740680cd09d152a4b4b3d148b91a6cdd0e7157f2b152089f553c8a554ce17d,analysis_region_a0762b3aa6ad36669bbd49ac2d19f4913a936163186eadd44d301ea058d10c40,09187,ROSENHEIM,9694,181740,5.3340,472,820,568,252,0,39936.900,84.5884,25.9955,48.6899,4119.7545,VALIDATED,2026-07-01,2026-09-01,2026-06-30,62,published,Core V1 source set - 2026 Q3
ds_4d740680cd09d152a4b4b3d148b91a6cdd0e7157f2b152089f553c8a554ce17d,analysis_region_050319eb30160574978029094bdda8ad14fbe7c19cfc9f92ce5bbf829de398b7,09188,STARNBERG,6701,91109,7.3549,173,313,228,85,0,13625.000,46.7094,12.6847,25.8170,2033.2786,VALIDATED,2026-07-01,2026-09-01,2026-06-30,62,published,Core V1 source set - 2026 Q3
ds_4d740680cd09d152a4b4b3d148b91a6cdd0e7157f2b152089f553c8a554ce17d,analysis_region_ef367241d4b0440fc8619eed23fc197493afb31b511ac45259e814d6bab13b07,09189,TRAUNSTEIN,6887,124771,5.5197,283,534,387,147,0,18854.000,77.5374,21.3446,41.0919,2737.6216,VALIDATED,2026-07-01,2026-09-01,2026-06-30,62,published,Core V1 source set - 2026 Q3
ds_4d740680cd09d152a4b4b3d148b91a6cdd0e7157f2b152089f553c8a554ce17d,analysis_region_09b2809fd8d5c7fe7220d67da6546565e8c02b232b9c66ca1158bcbc856deeda,09190,WEILHEIM-SCHONGAU,4723,93590,5.0465,200,352,282,70,0,12505.000,74.5289,14.8211,42.3460,2647.6816,VALIDATED,2026-07-01,2026-09-01,2026-06-30,62,published,Core V1 source set - 2026 Q3
ds_4d740680cd09d152a4b4b3d148b91a6cdd0e7157f2b152089f553c8a554ce17d,analysis_region_080602d179b08d07389391d47f2bd9937041a055c4e93f4ed32b2fb9de939782,09261,"LANDSHUT,STADT",1901,40240,4.7242,125,213,169,44,0,6903.300,112.0463,23.1457,65.7549,3631.4045,VALIDATED,2026-07-01,2026-09-01,2026-06-30,62,published,Core V1 source set - 2026 Q3
ds_4d740680cd09d152a4b4b3d148b91a6cdd0e7157f2b152089f553c8a554ce17d,analysis_region_6fdc9068ba5013438d9d87bde5e2ee992c9c29b67269be4e027b5b8511a0d3e7,09262,"PASSAU,STADT",1599,30728,5.2037,173,328,218,110,0,18475.000,205.1282,68.7930,108.1926,11554.0963,VALIDATED,2026-07-01,2026-09-01,2026-06-30,62,published,Core V1 source set - 2026 Q3
ds_4d740680cd09d152a4b4b3d148b91a6cdd0e7157f2b152089f553c8a554ce17d,analysis_region_5f4d61cfcd575e741c74bfdf548a7cd2ee93b67447f783bda0f4083fa4b40234,09263,"STRAUBING,STADT",1190,28787,4.1338,75,145,102,43,0,5304.000,121.8487,36.1345,63.0252,4457.1429,VALIDATED,2026-07-01,2026-09-01,2026-06-30,62,published,Core V1 source set - 2026 Q3
ds_4d740680cd09d152a4b4b3d148b91a6cdd0e7157f2b152089f553c8a554ce17d,analysis_region_386d06609de144369b080586eb6c3c667480258e44aed0bc735edb3390d9a22e,09271,DEGGENDORF,4087,83950,4.8684,271,467,286,181,0,27091.900,114.2647,44.2868,66.3078,6628.7986,VALIDATED,2026-07-01,2026-09-01,2026-06-30,62,published,Core V1 source set - 2026 Q3
ds_4d740680cd09d152a4b4b3d148b91a6cdd0e7157f2b152089f553c8a554ce17d,analysis_region_517f03790d1fa3e5722535bf4c776bd2ac7b6f12cdeb4814fbccd73de015edc2,09272,FREYUNG-GRAFENAU,2335,55804,4.1843,186,354,310,44,0,7056.000,151.6060,18.8437,79.6574,3021.8415,VALIDATED,2026-07-01,2026-09-01,2026-06-30,62,published,Core V1 source set - 2026 Q3
ds_4d740680cd09d152a4b4b3d148b91a6cdd0e7157f2b152089f553c8a554ce17d,analysis_region_557afaf0367639a5e4d784b86ed5e8980820d11ec11b7815e106d6842f3466a0,09273,KELHEIM,3980,86588,4.5965,179,324,262,62,0,9740.000,81.4070,15.5779,44.9749,2447.2362,VALIDATED,2026-07-01,2026-09-01,2026-06-30,62,published,Core V1 source set - 2026 Q3
ds_4d740680cd09d152a4b4b3d148b91a6cdd0e7157f2b152089f553c8a554ce17d,analysis_region_91a41da88a37002c77b29ccdb09d0b166afce24fbd273f65ad9adfb6abbf8f1c,09274,LANDSHUT,6598,116561,5.6606,245,423,324,99,0,16695.200,64.1103,15.0045,37.1325,2530.3425,VALIDATED,2026-07-01,2026-09-01,2026-06-30,62,published,Core V1 source set - 2026 Q3
ds_4d740680cd09d152a4b4b3d148b91a6cdd0e7157f2b152089f553c8a554ce17d,analysis_region_ff016a01017a4d23ed5795ff3b140f2822d80b19d670d8684a8753f186c63caa,09275,PASSAU,6671,136820,4.8757,369,685,517,168,0,22415.100,102.6833,25.1836,55.3140,3360.0809,VALIDATED,2026-07-01,2026-09-01,2026-06-30,62,published,Core V1 source set - 2026 Q3
ds_4d740680cd09d152a4b4b3d148b91a6cdd0e7157f2b152089f553c8a554ce17d,analysis_region_6cce3d560962e3b8f3d726d288279c8b89c2052b99fc6f1a2ca294e85e39b511,09276,REGEN,1990,52457,3.7936,137,262,203,59,0,6411.000,131.6583,29.6482,68.8442,3221.6080,VALIDATED,2026-07-01,2026-09-01,2026-06-30,62,published,Core V1 source set - 2026 Q3
ds_4d740680cd09d152a4b4b3d148b91a6cdd0e7157f2b152089f553c8a554ce17d,analysis_region_93a1850519ed855d31b238a85fa054ea6a6f61420dcb2b4071acfa9a39bae5a2,09277,ROTTAL-INN,4267,88944,4.7974,128,239,167,72,0,8961.000,56.0112,16.8737,29.9977,2100.0703,VALIDATED,2026-07-01,2026-09-01,2026-06-30,62,published,Core V1 source set - 2026 Q3
ds_4d740680cd09d152a4b4b3d148b91a6cdd0e7157f2b152089f553c8a554ce17d,analysis_region_1a0313fe54cd0f2772cbfadfb4efc0c853f8a204dbb91ef679680b2979c332c8,09278,STRAUBING-BOGEN,3444,73152,4.7080,148,255,188,67,0,11617.000,74.0418,19.4541,42.9733,3373.1127,VALIDATED,2026-07-01,2026-09-01,2026-06-30,62,published,Core V1 source set - 2026 Q3
ds_4d740680cd09d152a4b4b3d148b91a6cdd0e7157f2b152089f553c8a554ce17d,analysis_region_bcf7795b53a9c1b75563551c9afa48ef6a9a1497f4502d18e6601cebd8500041,09279,DINGOLFING-LANDAU,3775,75204,5.0197,468,600,478,122,0,19759.300,158.9404,32.3179,123.9735,5234.2517,VALIDATED,2026-07-01,2026-09-01,2026-06-30,62,published,Core V1 source set - 2026 Q3
ds_4d740680cd09d152a4b4b3d148b91a6cdd0e7157f2b152089f553c8a554ce17d,analysis_region_b3b1d823989aeeea685081de397b9b9c5ff587b1abf1c72460644928722583ff,09361,"AMBERG,STADT",1309,25467,5.1400,44,91,66,25,0,3766.000,69.5187,19.0985,33.6134,2877.0053,VALIDATED,2026-07-01,2026-09-01,2026-06-30,62,published,Core V1 source set - 2026 Q3
ds_4d740680cd09d152a4b4b3d148b91a6cdd0e7157f2b152089f553c8a554ce17d,analysis_region_09dd9c706cbf2cb0a6c2f98fe9f1e5f35ab693a07528b86107ad76e8f9377fca,09362,"REGENSBURG,STADT",5429,84566,6.4198,802,1174,1033,141,0,33383.300,216.2461,25.9716,147.7252,6149.0698,VALIDATED,2026-07-01,2026-09-01,2026-06-30,62,published,Core V1 source set - 2026 Q3
ds_4d740680cd09d152a4b4b3d148b91a6cdd0e7157f2b152089f553c8a554ce17d,analysis_region_f5db0500b3d74bcc7052bb6853bd1daa204b826f27a28dc8b22694cb70ac86cd,09363,"WEIDEN I.D.OPF.,STADT",1025,26509,3.8666,57,113,70,43,0,6641.000,110.2439,41.9512,55.6098,6479.0244,VALIDATED,2026-07-01,2026-09-01,2026-06-30,62,published,Core V1 source set - 2026 Q3
ds_4d740680cd09d152a4b4b3d148b91a6cdd0e7157f2b152089f553c8a554ce17d,analysis_region_8e409b3046c44f5412ca43443254f8ff7adcd293a172be864147913c4511d78f,09371,AMBERG-SULZBACH,3709,72915,5.0867,128,240,174,66,0,11293.600,64.7075,17.7946,34.5106,3044.9178,VALIDATED,2026-07-01,2026-09-01,2026-06-30,62,published,Core V1 source set - 2026 Q3
ds_4d740680cd09d152a4b4b3d148b91a6cdd0e7157f2b152089f553c8a554ce17d,analysis_region_d608cc3b0e1f50e5dc19e1749c124542e44780cbbcca6bf1f53c1a581ce2fad1,09372,CHAM,4020,94206,4.2672,161,310,207,103,0,11879.000,77.1144,25.6219,40.0498,2954.9751,VALIDATED,2026-07-01,2026-09-01,2026-06-30,62,published,Core V1 source set - 2026 Q3
ds_4d740680cd09d152a4b4b3d148b91a6cdd0e7157f2b152089f553c8a554ce17d,analysis_region_d64d374c2064d292dee31366068a69dcfad497de07dad531a3beafc43ef69f33,09373,NEUMARKT I.D.OPF.,4804,95677,5.0211,201,372,269,103,0,18552.000,77.4355,21.4405,41.8401,3861.7818,VALIDATED,2026-07-01,2026-09-01,2026-06-30,62,published,Core V1 source set - 2026 Q3
ds_4d740680cd09d152a4b4b3d148b91a6cdd0e7157f2b152089f553c8a554ce17d,analysis_region_d6e092e69c06e878a5d9fc2ee8177f28cf0980ba4f25f806caf042a3145ad90f,09374,NEUSTADT A.D.WALDNAAB,2895,67683,4.2773,153,217,148,69,0,12132.700,74.9568,23.8342,52.8497,4190.9154,VALIDATED,2026-07-01,2026-09-01,2026-06-30,62,published,Core V1 source set - 2026 Q3
ds_4d740680cd09d152a4b4b3d148b91a6cdd0e7157f2b152089f553c8a554ce17d,analysis_region_7683061e34636cdefaa96290338cea417e1ea13a0636455abf9c9ad472e34a78,09375,REGENSBURG,7307,134236,5.4434,278,524,308,216,0,36009.000,71.7121,29.5607,38.0457,4928.0142,VALIDATED,2026-07-01,2026-09-01,2026-06-30,62,published,Core V1 source set - 2026 Q3
ds_4d740680cd09d152a4b4b3d148b91a6cdd0e7157f2b152089f553c8a554ce17d,analysis_region_4f51cbae1cc3424a39b323679b92deb8a96f3b237d1e03a47a605284387bebf7,09376,SCHWANDORF,4610,106547,4.3267,222,416,253,163,0,27345.900,90.2386,35.3579,48.1562,5931.8655,VALIDATED,2026-07-01,2026-09-01,2026-06-30,62,published,Core V1 source set - 2026 Q3
ds_4d740680cd09d152a4b4b3d148b91a6cdd0e7157f2b152089f553c8a554ce17d,analysis_region_595b6ecc4cf9503e8f21fef3651095fd53cdc80d443436ce2c58304d89acfdd6,09377,TIRSCHENREUTH,1832,50232,3.6471,119,185,138,47,0,8557.000,100.9825,25.6550,64.9563,4670.8515,VALIDATED,2026-07-01,2026-09-01,2026-06-30,62,published,Core V1 source set - 2026 Q3
ds_4d740680cd09d152a4b4b3d148b91a6cdd0e7157f2b152089f553c8a554ce17d,analysis_region_299bb4243dd3430db57ca3a79fb7a759b2b5f4043da038a0b811080585039db3,09461,"BAMBERG,STADT",2090,41627,5.0208,170,247,209,38,0,7580.000,118.1818,18.1818,81.3397,3626.7943,VALIDATED,2026-07-01,2026-09-01,2026-06-30,62,published,Core V1 source set - 2026 Q3
ds_4d740680cd09d152a4b4b3d148b91a6cdd0e7157f2b152089f553c8a554ce17d,analysis_region_935a6ba3b503a7e131d5c4af9a6c3aea90075ba0b3a5b74014e27afbb98c1bdd,09462,"BAYREUTH,STADT",2423,41996,5.7696,146,262,171,91,0,16929.000,108.1304,37.5567,60.2559,6986.7932,VALIDATED,2026-07-01,2026-09-01,2026-06-30,62,published,Core V1 source set - 2026 Q3
ds_4d740680cd09d152a4b4b3d148b91a6cdd0e7157f2b152089f553c8a554ce17d,analysis_region_7825cc39403fd9403ad77a58156cf1af3e5fcca2550178b3686651cb1e6da714,09463,"COBURG,STADT",1274,25333,5.0290,66,130,64,66,0,8166.000,102.0408,51.8053,51.8053,6409.7331,VALIDATED,2026-07-01,2026-09-01,2026-06-30,62,published,Core V1 source set - 2026 Q3
ds_4d740680cd09d152a4b4b3d148b91a6cdd0e7157f2b152089f553c8a554ce17d,analysis_region_649cd72a2e75130fdb4820b71a94a5f4be43ef3201f5882a715be2d212bbd8b0,09464,"HOF,STADT",911,26039,3.4986,46,89,61,28,0,4722.000,97.6948,30.7355,50.4940,5183.3150,VALIDATED,2026-07-01,2026-09-01,2026-06-30,62,published,Core V1 source set - 2026 Q3
ds_4d740680cd09d152a4b4b3d148b91a6cdd0e7157f2b152089f553c8a554ce17d,analysis_region_505596a75ae7e1bfad80388e8ebf91e893d1336c2abc4d6182e887bb3dcb92e6,09471,BAMBERG,4674,105469,4.4316,174,313,199,114,0,16763.000,66.9662,24.3902,37.2272,3586.4356,VALIDATED,2026-07-01,2026-09-01,2026-06-30,62,published,Core V1 source set - 2026 Q3
ds_4d740680cd09d152a4b4b3d148b91a6cdd0e7157f2b152089f553c8a554ce17d,analysis_region_a880ffeb73e15ebf82b2d1ec408c41ea0a823b63608d8c24274cf2417d725ed4,09472,BAYREUTH,3213,73747,4.3568,97,169,123,46,0,7852.000,52.5988,14.3168,30.1899,2443.8220,VALIDATED,2026-07-01,2026-09-01,2026-06-30,62,published,Core V1 source set - 2026 Q3
ds_4d740680cd09d152a4b4b3d148b91a6cdd0e7157f2b152089f553c8a554ce17d,analysis_region_d8f66e83041c07ade0c35e40bb0b3de725d60c9f0585c687535fea38cf11e279,09473,COBURG,2632,60423,4.3560,89,160,88,72,0,10665.000,60.7903,27.3556,33.8146,4052.0517,VALIDATED,2026-07-01,2026-09-01,2026-06-30,62,published,Core V1 source set - 2026 Q3
ds_4d740680cd09d152a4b4b3d148b91a6cdd0e7157f2b152089f553c8a554ce17d,analysis_region_8a51aca8d7777a431c8a7fe9744fc13feb9b03f1db268e64fa319e40e2e4f322,09474,FORCHHEIM,3984,80531,4.9472,152,282,188,94,0,15182.100,70.7831,23.5944,38.1526,3810.7681,VALIDATED,2026-07-01,2026-09-01,2026-06-30,62,published,Core V1 source set - 2026 Q3
ds_4d740680cd09d152a4b4b3d148b91a6cdd0e7157f2b152089f553c8a554ce17d,analysis_region_833fc0a8841abae389460f0120be0570a8fc065059d05c6f238f2290974416fc,09475,HOF,2461,65196,3.7748,160,259,147,112,0,21755.200,105.2418,45.5100,65.0142,8839.9837,VALIDATED,2026-07-01,2026-09-01,2026-06-30,62,published,Core V1 source set - 2026 Q3
ds_4d740680cd09d152a4b4b3d148b91a6cdd0e7157f2b152089f553c8a554ce17d,analysis_region_7dfa560b161a0a24fdfff0011ca98819ce1e989525fe3206ef0d583a2e009b02,09476,KRONACH,1594,46236,3.4475,72,141,116,25,0,3407.000,88.4567,15.6838,45.1694,2137.3902,VALIDATED,2026-07-01,2026-09-01,2026-06-30,62,published,Core V1 source set - 2026 Q3
ds_4d740680cd09d152a4b4b3d148b91a6cdd0e7157f2b152089f553c8a554ce17d,analysis_region_bf3bb444b2653c49a401c5b13cd83c8b9c89e4e21e0a52364b0c38600d74d776,09477,KULMBACH,2182,51222,4.2599,134,239,100,139,0,25436.000,109.5325,63.7030,61.4115,11657.1952,VALIDATED,2026-07-01,2026-09-01,2026-06-30,62,published,Core V1 source set - 2026 Q3
ds_4d740680cd09d152a4b4b3d148b91a6cdd0e7157f2b152089f553c8a554ce17d,analysis_region_e02c34ffbd1e1b6dab44809ff7070f535ee4a9eeef359c7921dbb552faf96198,09478,LICHTENFELS,1652,46062,3.5865,52,93,61,32,0,4461.000,56.2954,19.3705,31.4770,2700.3632,VALIDATED,2026-07-01,2026-09-01,2026-06-30,62,published,Core V1 source set - 2026 Q3
ds_4d740680cd09d152a4b4b3d148b91a6cdd0e7157f2b152089f553c8a554ce17d,analysis_region_502accefb4034ad23bd4797ce4ec2b18eae921435f8aa8a29c4f9e306407b1a0,09479,WUNSIEDEL I.FICHTELGEB.,1753,47951,3.6558,106,186,143,43,0,7352.000,106.1038,24.5294,60.4678,4193.9532,VALIDATED,2026-07-01,2026-09-01,2026-06-30,62,published,Core V1 source set - 2026 Q3
ds_4d740680cd09d152a4b4b3d148b91a6cdd0e7157f2b152089f553c8a554ce17d,analysis_region_4cd4a264bc7c602bca07a7b029a9bafaae561f047cdbb16a225b522b3b3c064e,09561,"ANSBACH,STADT",1211,26141,4.6326,57,132,96,36,0,5322.000,109.0008,29.7275,47.0685,4394.7151,VALIDATED,2026-07-01,2026-09-01,2026-06-30,62,published,Core V1 source set - 2026 Q3
ds_4d740680cd09d152a4b4b3d148b91a6cdd0e7157f2b152089f553c8a554ce17d,analysis_region_9bd4de3dcaf403d814d48abd6414db8ba1668c6b3fc65019976796cbe9b4c69f,09562,"ERLANGEN,STADT",3079,56553,5.4445,139,244,180,64,0,12686.100,79.2465,20.7860,45.1445,4120.2014,VALIDATED,2026-07-01,2026-09-01,2026-06-30,62,published,Core V1 source set - 2026 Q3
ds_4d740680cd09d152a4b4b3d148b91a6cdd0e7157f2b152089f553c8a554ce17d,analysis_region_faa06bb5925c00618bf8c1ee0d8cb9af69394260770f5e2eb6ed60552e4c563a,09563,"FUERTH,STADT",2995,65604,4.5653,284,562,479,83,0,19725.600,187.6461,27.7129,94.8247,6586.1770,VALIDATED,2026-07-01,2026-09-01,2026-06-30,62,published,Core V1 source set - 2026 Q3
ds_4d740680cd09d152a4b4b3d148b91a6cdd0e7157f2b152089f553c8a554ce17d,analysis_region_2794e0fc7193c7a713037426df52d8f93b5989cc296ec25aa8a6298b4b1b4b35,09564,"NUERNBERG,STADT",12289,248138,4.9525,840,1704,1478,226,0,52455.600,138.6606,18.3904,68.3538,4268.5003,VALIDATED,2026-07-01,2026-09-01,2026-06-30,62,published,Core V1 source set - 2026 Q3
ds_4d740680cd09d152a4b4b3d148b91a6cdd0e7157f2b152089f553c8a554ce17d,analysis_region_29650a27e5381d4fc60434d061c4585573ac16dc6f808d2eec9d7912c7d6aecd,09565,"SCHWABACH,STADT",1193,26420,4.5155,36,70,50,20,0,2446.000,58.6756,16.7645,30.1760,2050.2934,VALIDATED,2026-07-01,2026-09-01,2026-06-30,62,published,Core V1 source set - 2026 Q3
ds_4d740680cd09d152a4b4b3d148b91a6cdd0e7157f2b152089f553c8a554ce17d,analysis_region_aa2a798de3a28e701b75c17ffb55b0213f327f1bd8d3040e0262f02e39c5621f,09571,ANSBACH,6294,132229,4.7599,393,660,377,283,0,56174.000,104.8618,44.9635,62.4404,8925.0079,VALIDATED,2026-07-01,2026-09-01,2026-06-30,62,published,Core V1 source set - 2026 Q3
ds_4d740680cd09d152a4b4b3d148b91a6cdd0e7157f2b152089f553c8a554ce17d,analysis_region_5598b89c28698e31f6f169a3f9bfac46100415037b38dff92ffde2d67931fa3a,09572,ERLANGEN-HOECHSTADT,6925,96250,7.1948,166,330,224,106,0,17048.000,47.6534,15.3069,23.9711,2461.8051,VALIDATED,2026-07-01,2026-09-01,2026-06-30,62,published,Core V1 source set - 2026 Q3
ds_4d740680cd09d152a4b4b3d148b91a6cdd0e7157f2b152089f553c8a554ce17d,analysis_region_24bbdf54b76b5786f397bf9e1c68fe39584207644ae6853b13e551a16d0a528c,09573,FUERTH,4076,79368,5.1356,120,230,197,33,0,6344.000,56.4279,8.0962,29.4406,1556.4279,VALIDATED,2026-07-01,2026-09-01,2026-06-30,62,published,Core V1 source set - 2026 Q3
ds_4d740680cd09d152a4b4b3d148b91a6cdd0e7157f2b152089f553c8a554ce17d,analysis_region_403bbd6e3fe3dcbcc3d96b6b73cfb4f896e1ee491ec9e4065664727e281ce7eb,09574,NUERNBERGER LAND,6187,114623,5.3977,250,439,243,196,0,41244.000,70.9552,31.6793,40.4073,6666.2357,VALIDATED,2026-07-01,2026-09-01,2026-06-30,62,published,Core V1 source set - 2026 Q3
ds_4d740680cd09d152a4b4b3d148b91a6cdd0e7157f2b152089f553c8a554ce17d,analysis_region_c34fd621f2f26a1b47b72352dc778da22aefecb7322d1716d6c62d42af487568,09575,NEUSTADT/AISCH-WINDSHEIM,3720,71179,5.2263,164,306,237,69,0,13105.700,82.2581,18.5484,44.0860,3523.0376,VALIDATED,2026-07-01,2026-09-01,2026-06-30,62,published,Core V1 source set - 2026 Q3
ds_4d740680cd09d152a4b4b3d148b91a6cdd0e7157f2b152089f553c8a554ce17d,analysis_region_f275bf5f979bf0e34dee59845a1135231a8e6bb0d7f44eb1f879e80ecefab5f1,09576,ROTH,4436,90515,4.9008,227,407,272,135,0,24293.000,91.7493,30.4328,51.1722,5476.3300,VALIDATED,2026-07-01,2026-09-01,2026-06-30,62,published,Core V1 source set - 2026 Q3
ds_4d740680cd09d152a4b4b3d148b91a6cdd0e7157f2b152089f553c8a554ce17d,analysis_region_70d6d1b06fb0a1a384f9f4f6e6ce844b6a8b5fc9855c4d0405c32ac67d373056,09577,WEISSENBURG-GUNZENHAUSEN,3015,65720,4.5876,122,238,196,42,0,6530.000,78.9386,13.9303,40.4643,2165.8375,VALIDATED,2026-07-01,2026-09-01,2026-06-30,62,published,Core V1 source set - 2026 Q3
ds_4d740680cd09d152a4b4b3d148b91a6cdd0e7157f2b152089f553c8a554ce17d,analysis_region_00f00a416e9cf3506d49a304c49f71b3169479dc835631abec037f2aa4f10954,09661,"ASCHAFFENBURG,STADT",2972,44942,6.6130,95,167,122,45,0,7483.000,56.1911,15.1413,31.9650,2517.8331,VALIDATED,2026-07-01,2026-09-01,2026-06-30,62,published,Core V1 source set - 2026 Q3
ds_4d740680cd09d152a4b4b3d148b91a6cdd0e7157f2b152089f553c8a554ce17d,analysis_region_992901d9003a2eb136fd4bed6ef71e9fd7fcfda59445b7518254f15c9855afc6,09662,"SCHWEINFURT,STADT",1458,30183,4.8305,123,230,124,106,0,18205.000,157.7503,72.7023,84.3621,12486.2826,VALIDATED,2026-07-01,2026-09-01,2026-06-30,62,published,Core V1 source set - 2026 Q3
ds_4d740680cd09d152a4b4b3d148b91a6cdd0e7157f2b152089f553c8a554ce17d,analysis_region_f45601d88a5fb262f1020be4cedbe755854f743959b674b0bc107d2998b8f12b,09663,"WUERZBURG,STADT",3787,64894,5.8357,306,550,417,133,0,23155.000,145.2337,35.1201,80.8027,6114.3385,VALIDATED,2026-07-01,2026-09-01,2026-06-30,62,published,Core V1 source set - 2026 Q3
ds_4d740680cd09d152a4b4b3d148b91a6cdd0e7157f2b152089f553c8a554ce17d,analysis_region_3533b8509616c8e27a0411e804f70b9ca69a574419f2e912ae199cb376330047,09671,ASCHAFFENBURG,6133,120560,5.0871,263,464,338,126,0,24941.000,75.6563,20.5446,42.8828,4066.6884,VALIDATED,2026-07-01,2026-09-01,2026-06-30,62,published,Core V1 source set - 2026 Q3
ds_4d740680cd09d152a4b4b3d148b91a6cdd0e7157f2b152089f553c8a554ce17d,analysis_region_df6c9a208dfa716f39252b842b4ac47e591501e7b524625e9de6a43de064cc53,09672,BAD KISSINGEN,3294,72994,4.5127,112,200,113,87,0,12911.800,60.7165,26.4117,34.0012,3919.7936,VALIDATED,2026-07-01,2026-09-01,2026-06-30,62,published,Core V1 source set - 2026 Q3
ds_4d740680cd09d152a4b4b3d148b91a6cdd0e7157f2b152089f553c8a554ce17d,analysis_region_ccd2c9e460354a77fb831c694d45b093f0d3b7a98c294548793170d45ecb674b,09673,RHOEN-GRABFELD,2590,56626,4.5739,98,195,104,91,0,9976.000,75.2896,35.1351,37.8378,3851.7375,VALIDATED,2026-07-01,2026-09-01,2026-06-30,62,published,Core V1 source set - 2026 Q3
ds_4d740680cd09d152a4b4b3d148b91a6cdd0e7157f2b152089f553c8a554ce17d,analysis_region_50dbe036d99d72f6e3eda67c264b99c8a3e5cca2df1fa28f93bc8c6bca37a7bc,09674,HASSBERGE,2830,60603,4.6697,104,170,109,61,0,12715.000,60.0707,21.5548,36.7491,4492.9329,VALIDATED,2026-07-01,2026-09-01,2026-06-30,62,published,Core V1 source set - 2026 Q3
ds_4d740680cd09d152a4b4b3d148b91a6cdd0e7157f2b152089f553c8a554ce17d,analysis_region_c20fecdf19533e6713fe8868077fb49eb6b3261f6e751464da4aec66923f255d,09675,KITZINGEN,3419,64404,5.3087,256,424,247,177,0,38522.000,124.0129,51.7695,74.8757,11267.0371,VALIDATED,2026-07-01,2026-09-01,2026-06-30,62,published,Core V1 source set - 2026 Q3
ds_4d740680cd09d152a4b4b3d148b91a6cdd0e7157f2b152089f553c8a554ce17d,analysis_region_c236b66f31d79b070a033d17831e695d94ae96496b8551ca7c6f5095aba982e6,09676,MILTENBERG,3507,87520,4.0071,100,204,159,45,0,7067.000,58.1694,12.8315,28.5144,2015.1126,VALIDATED,2026-07-01,2026-09-01,2026-06-30,62,published,Core V1 source set - 2026 Q3
ds_4d740680cd09d152a4b4b3d148b91a6cdd0e7157f2b152089f553c8a554ce17d,analysis_region_5426299168fd42db8a906255401791e0948ae261396ab4aef07338af5f8bd815,09677,MAIN-SPESSART,4013,87904,4.5652,164,303,231,72,0,11752.200,75.5046,17.9417,40.8672,2928.5323,VALIDATED,2026-07-01,2026-09-01,2026-06-30,62,published,Core V1 source set - 2026 Q3
ds_4d740680cd09d152a4b4b3d148b91a6cdd0e7157f2b152089f553c8a554ce17d,analysis_region_079975ec18d65750e5f9e3009036124c88ec90baa63731a347b677400beedcee,09678,SCHWEINFURT,4259,80119,5.3158,146,288,222,66,0,14792.000,67.6215,15.4966,34.2803,3473.1158,VALIDATED,2026-07-01,2026-09-01,2026-06-30,62,published,Core V1 source set - 2026 Q3
ds_4d740680cd09d152a4b4b3d148b91a6cdd0e7157f2b152089f553c8a554ce17d,analysis_region_f31c954263ed497564864ffa08bfb85df18f9c992b1e0dcfafb3a5faec8e083c,09679,WUERZBURG,6423,109896,5.8446,214,376,228,148,0,26402.000,58.5396,23.0422,33.3178,4110.5402,VALIDATED,2026-07-01,2026-09-01,2026-06-30,62,published,Core V1 source set - 2026 Q3
ds_4d740680cd09d152a4b4b3d148b91a6cdd0e7157f2b152089f553c8a554ce17d,analysis_region_92d6a67874838f92ffe2a70ebb83ac27daf8bb0de7fc4c9d273929df6cf4c258,09761,"AUGSBURG,STADT",6057,142872,4.2395,331,588,437,151,0,25060.000,97.0778,24.9298,54.6475,4137.3617,VALIDATED,2026-07-01,2026-09-01,2026-06-30,62,published,Core V1 source set - 2026 Q3
ds_4d740680cd09d152a4b4b3d148b91a6cdd0e7157f2b152089f553c8a554ce17d,analysis_region_f89610792f6660b6fec981f006cd17170d8d39df47ce58eca40adf6cfd1e0413,09762,"KAUFBEUREN,STADT",1103,27244,4.0486,111,187,120,67,0,9049.000,169.5376,60.7434,100.6346,8203.9891,VALIDATED,2026-07-01,2026-09-01,2026-06-30,62,published,Core V1 source set - 2026 Q3
ds_4d740680cd09d152a4b4b3d148b91a6cdd0e7157f2b152089f553c8a554ce17d,analysis_region_8b63ef4a2430d21ccc49a95e97445183c122916254a9812e605267f8e21e1944,09763,"KEMPTEN(ALLGAEU),STADT",2787,41519,6.7126,166,286,189,97,0,9479.000,102.6193,34.8044,59.5623,3401.1482,VALIDATED,2026-07-01,2026-09-01,2026-06-30,62,published,Core V1 source set - 2026 Q3
ds_4d740680cd09d152a4b4b3d148b91a6cdd0e7157f2b152089f553c8a554ce17d,analysis_region_73c4eeb47faa28a7978ef0e0519914d9160b7d3e5ee0a0df2c2d606b5261ffbf,09764,"MEMMINGEN,STADT",1236,28055,4.4056,115,176,107,69,0,13627.000,142.3948,55.8252,93.0421,11025.0809,VALIDATED,2026-07-01,2026-09-01,2026-06-30,62,published,Core V1 source set - 2026 Q3
ds_4d740680cd09d152a4b4b3d148b91a6cdd0e7157f2b152089f553c8a554ce17d,analysis_region_39f997791e0d79cadf654f667004c940cb5b1db01c1e7ce4a78c022a97d95501,09771,AICHACH-FRIEDBERG,4711,92715,5.0812,160,279,137,142,0,23138.000,59.2231,30.1422,33.9631,4911.4838,VALIDATED,2026-07-01,2026-09-01,2026-06-30,62,published,Core V1 source set - 2026 Q3
ds_4d740680cd09d152a4b4b3d148b91a6cdd0e7157f2b152089f553c8a554ce17d,analysis_region_dc7127084eb63fc789635296384a4c3d0fa3ea178a1f7a9c5a863f5c6ab6eb67,09772,AUGSBURG,8763,176235,4.9723,312,538,277,261,0,29505.400,61.3945,29.7843,35.6042,3367.0433,VALIDATED,2026-07-01,2026-09-01,2026-06-30,62,published,Core V1 source set - 2026 Q3
ds_4d740680cd09d152a4b4b3d148b91a6cdd0e7157f2b152089f553c8a554ce17d,analysis_region_2e8f912ad57f0eb41ee936fa13e7942f445920b666c0952bca064db7567967d4,09773,DILLINGEN A.D.DONAU,2647,69576,3.8045,89,145,97,48,0,5614.000,54.7790,18.1337,33.6230,2120.8916,VALIDATED,2026-07-01,2026-09-01,2026-06-30,62,published,Core V1 source set - 2026 Q3
ds_4d740680cd09d152a4b4b3d148b91a6cdd0e7157f2b152089f553c8a554ce17d,analysis_region_964bf789a6cf7ca49fc6a41c8d02bee29d5f7379e3320a35e4e2d0047121e73e,09774,GUENZBURG,4164,90064,4.6234,238,385,250,135,0,28548.000,92.4592,32.4207,57.1566,6855.9078,VALIDATED,2026-07-01,2026-09-01,2026-06-30,62,published,Core V1 source set - 2026 Q3
ds_4d740680cd09d152a4b4b3d148b91a6cdd0e7157f2b152089f553c8a554ce17d,analysis_region_dba0fa4519aa330f6dce9e895a9bb86e37493a2d66775862b655b4de9406e7bf,09775,NEU-ULM,5075,116474,4.3572,300,510,326,184,0,31701.000,100.4926,36.2562,59.1133,6246.5025,VALIDATED,2026-07-01,2026-09-01,2026-06-30,62,published,Core V1 source set - 2026 Q3
ds_4d740680cd09d152a4b4b3d148b91a6cdd0e7157f2b152089f553c8a554ce17d,analysis_region_b429721b00cbc8db54cc5b077213878a97b04cf572a00286777b78561c21fdaa,09776,LINDAU (BODENSEE),2585,55066,4.6944,139,266,186,80,0,13299.500,102.9014,30.9478,53.7718,5144.8743,VALIDATED,2026-07-01,2026-09-01,2026-06-30,62,published,Core V1 source set - 2026 Q3
ds_4d740680cd09d152a4b4b3d148b91a6cdd0e7157f2b152089f553c8a554ce17d,analysis_region_f802c61dbf36f21fdec1a3cfbb899011262a0ff895da6c75bf224d52994e4ed6,09777,OSTALLGAEU,4802,98694,4.8655,319,553,431,122,0,20191.000,115.1603,25.4061,66.4307,4204.7064,VALIDATED,2026-07-01,2026-09-01,2026-06-30,62,published,Core V1 source set - 2026 Q3
ds_4d740680cd09d152a4b4b3d148b91a6cdd0e7157f2b152089f553c8a554ce17d,analysis_region_84ef4c1c4f792074c9da2add57744f1e5b9477729bf49e33b07a67d2bf0a33d4,09778,UNTERALLGAEU,4801,107062,4.4843,381,575,413,162,0,28517.000,119.7667,33.7430,79.3585,5939.8042,VALIDATED,2026-07-01,2026-09-01,2026-06-30,62,published,Core V1 source set - 2026 Q3
ds_4d740680cd09d152a4b4b3d148b91a6cdd0e7157f2b152089f553c8a554ce17d,analysis_region_a5ea0a1d3d84e95b3cd60d186663d3c33ce440d68a4a7cf8217bd3524c16c395,09779,DONAU-RIES,4466,97261,4.5918,175,345,254,91,0,12748.000,77.2503,20.3762,39.1850,2854.4559,VALIDATED,2026-07-01,2026-09-01,2026-06-30,62,published,Core V1 source set - 2026 Q3
ds_4d740680cd09d152a4b4b3d148b91a6cdd0e7157f2b152089f553c8a554ce17d,analysis_region_7555bfeb3129bba663d1f32b72b99cb0b48e1a17849af3158d4baef58df533ff,09780,OBERALLGAEU,5285,107064,4.9363,372,680,498,182,0,28990.400,128.6660,34.4371,70.3879,5485.4115,VALIDATED,2026-07-01,2026-09-01,2026-06-30,62,published,Core V1 source set - 2026 Q3
ds_4d740680cd09d152a4b4b3d148b91a6cdd0e7157f2b152089f553c8a554ce17d,analysis_region_4dab73681642dcc960be131ea78a77674de305f853df32ba588992e375a68ef3,10041,"SAARBRUECKEN,STADTVERB.",7453,194751,3.8269,277,497,342,155,0,25523.000,66.6846,20.7970,37.1662,3424.5270,VALIDATED,2026-07-01,2026-09-01,2026-06-30,62,published,Core V1 source set - 2026 Q3
ds_4d740680cd09d152a4b4b3d148b91a6cdd0e7157f2b152089f553c8a554ce17d,analysis_region_3306e44a97327e5f484f6442636599aadb4eab877aef220db0afc1822a2046ec,10042,MERZIG-WADERN,2754,74053,3.7190,90,180,116,64,0,7427.000,65.3595,23.2389,32.6797,2696.8046,VALIDATED,2026-07-01,2026-09-01,2026-06-30,62,published,Core V1 source set - 2026 Q3
ds_4d740680cd09d152a4b4b3d148b91a6cdd0e7157f2b152089f553c8a554ce17d,analysis_region_a13e83d8870fea168bb261f241b89d430dd2521dd99b21a6d0b891dafb3f2586,10043,NEUNKIRCHEN,3137,87487,3.5857,72,150,106,44,0,7333.800,47.8164,14.0261,22.9519,2337.8387,VALIDATED,2026-07-01,2026-09-01,2026-06-30,62,published,Core V1 source set - 2026 Q3
ds_4d740680cd09d152a4b4b3d148b91a6cdd0e7157f2b152089f553c8a554ce17d,analysis_region_b1e2a3e2f808f10d6d02780afb4008ec12e5d1c820a6ff3dfcf0da8591ac9349,10044,SAARLOUIS,5090,135729,3.7501,127,245,189,56,0,8325.200,48.1336,11.0020,24.9509,1635.5992,VALIDATED,2026-07-01,2026-09-01,2026-06-30,62,published,Core V1 source set - 2026 Q3
ds_4d740680cd09d152a4b4b3d148b91a6cdd0e7157f2b152089f553c8a554ce17d,analysis_region_a0575ace815f89cc4698efbced82608c19f759ced3b1287ae62b48f14322cb49,10045,SAAR-PFALZ-KREIS,4125,99899,4.1292,152,297,186,111,0,14745.000,72.0000,26.9091,36.8485,3574.5455,VALIDATED,2026-07-01,2026-09-01,2026-06-30,62,published,Core V1 source set - 2026 Q3
ds_4d740680cd09d152a4b4b3d148b91a6cdd0e7157f2b152089f553c8a554ce17d,analysis_region_6cbd1d5b46a74cbded63db70c3dda094cfad6ab47be364546f975405e55a5cf3,10046,SANKT WENDEL,2479,62956,3.9377,78,140,104,36,0,5037.000,56.4744,14.5220,31.4643,2031.8677,VALIDATED,2026-07-01,2026-09-01,2026-06-30,62,published,Core V1 source set - 2026 Q3
ds_4d740680cd09d152a4b4b3d148b91a6cdd0e7157f2b152089f553c8a554ce17d,analysis_region_2f7041e0392658d4fce02f5a41e7b3fedc05598783caac692d8d0cb7d87f4f3b,11000,BERLIN,54437,1219191,4.4650,4953,7561,6327,1234,0,211420.100,138.8945,22.6684,90.9859,3883.7574,VALIDATED,2026-07-01,2026-09-01,2026-06-30,62,published,Core V1 source set - 2026 Q3
ds_4d740680cd09d152a4b4b3d148b91a6cdd0e7157f2b152089f553c8a554ce17d,analysis_region_ec22576c1f722a1fa02c57404fba27a93cdf0fec288586c434e311b6e04307e8,12051,"BRANDENBURG/HAVEL,STADT",1028,35210,2.9196,69,135,75,60,0,6361.000,131.3230,58.3658,67.1206,6187.7432,VALIDATED,2026-07-01,2026-09-01,2026-06-30,62,published,Core V1 source set - 2026 Q3
ds_4d740680cd09d152a4b4b3d148b91a6cdd0e7157f2b152089f553c8a554ce17d,analysis_region_42571009964061e3bc658f46e127af0c9e262384db5bc383547a375ac56d7898,12052,"COTTBUS, STADT",1145,48362,2.3676,103,173,104,69,0,9277.000,151.0917,60.2620,89.9563,8102.1834,VALIDATED,2026-07-01,2026-09-01,2026-06-30,62,published,Core V1 source set - 2026 Q3
ds_4d740680cd09d152a4b4b3d148b91a6cdd0e7157f2b152089f553c8a554ce17d,analysis_region_62413fa728004effdf7dde5472f584cc3158f3250298a698ac5fcc1e95ff0f6d,12053,"FRANKFURT/ODER,STADT",635,28065,2.2626,63,125,99,26,0,5005.000,196.8504,40.9449,99.2126,7881.8898,VALIDATED,2026-07-01,2026-09-01,2026-06-30,62,published,Core V1 source set - 2026 Q3
ds_4d740680cd09d152a4b4b3d148b91a6cdd0e7157f2b152089f553c8a554ce17d,analysis_region_af58571fd287e268aa5c7361fc7cf3c0c6544e042f5424f95c1a0e454b05d93b,12054,"POTSDAM,STADT",3098,77910,3.9764,153,284,232,52,0,8137.000,91.6720,16.7850,49.3867,2626.5332,VALIDATED,2026-07-01,2026-09-01,2026-06-30,62,published,Core V1 source set - 2026 Q3
ds_4d740680cd09d152a4b4b3d148b91a6cdd0e7157f2b152089f553c8a554ce17d,analysis_region_b19135702652fddb7db1072ccacf30560218ba618a26ab160ba6c65406c1d681,12060,BARNIM,3989,113910,3.5019,201,364,179,185,0,25768.000,91.2509,46.3775,50.3886,6459.7644,VALIDATED,2026-07-01,2026-09-01,2026-06-30,62,published,Core V1 source set - 2026 Q3
ds_4d740680cd09d152a4b4b3d148b91a6cdd0e7157f2b152089f553c8a554ce17d,analysis_region_f20630f50fcf6a646049998e6c36bb71b7b68ec213f73693e8e7330f6db581b1,12061,DAHME-SPREEWALD,4299,112505,3.8212,248,397,163,234,0,42922.000,92.3471,54.4313,57.6878,9984.1824,VALIDATED,2026-07-01,2026-09-01,2026-06-30,62,published,Core V1 source set - 2026 Q3
ds_4d740680cd09d152a4b4b3d148b91a6cdd0e7157f2b152089f553c8a554ce17d,analysis_region_c1b1718f66decf474f6e5206313c45f6a3ee3972b2877c6dd7ffdc828ae2a50f,12062,ELBE-ELSTER,1157,63595,1.8193,57,107,59,48,0,5817.000,92.4806,41.4866,49.2653,5027.6577,VALIDATED,2026-07-01,2026-09-01,2026-06-30,62,published,Core V1 source set - 2026 Q3
ds_4d740680cd09d152a4b4b3d148b91a6cdd0e7157f2b152089f553c8a554ce17d,analysis_region_bcc315f48698a34c4b6ff7208a957f1b8f6ad08effdbe1646ae605ae914fe4b0,12063,HAVELLAND,4008,100897,3.9724,161,283,168,115,0,15095.000,70.6088,28.6926,40.1697,3766.2176,VALIDATED,2026-07-01,2026-09-01,2026-06-30,62,published,Core V1 source set - 2026 Q3
ds_4d740680cd09d152a4b4b3d148b91a6cdd0e7157f2b152089f553c8a554ce17d,analysis_region_57b30d0d5d070b836ea8ee16621d311536b30ea3c1ee9b0094ec31cf560c8442,12064,MAERKISCH-ODERLAND,3947,124131,3.1797,132,257,146,111,0,14604.000,65.1127,28.1226,33.4431,3700.0253,VALIDATED,2026-07-01,2026-09-01,2026-06-30,62,published,Core V1 source set - 2026 Q3
ds_4d740680cd09d152a4b4b3d148b91a6cdd0e7157f2b152089f553c8a554ce17d,analysis_region_f7e8fbe29de5dddd42e4739d4966f3dbf247bccea2902998c14b5e861a48e969,12065,OBERHAVEL,5045,129984,3.8812,197,361,229,132,0,19624.600,71.5560,26.1645,39.0486,3889.9108,VALIDATED,2026-07-01,2026-09-01,2026-06-30,62,published,Core V1 source set - 2026 Q3
ds_4d740680cd09d152a4b4b3d148b91a6cdd0e7157f2b152089f553c8a554ce17d,analysis_region_7841b8990003cdbb6589624cd21ccbe4c25531537ec9d9bc5bcd5d89f884ab1d,12066,OBERSPREEWALD-LAUSITZ,1249,65390,1.9101,116,207,118,89,0,16781.000,165.7326,71.2570,92.8743,13435.5484,VALIDATED,2026-07-01,2026-09-01,2026-06-30,62,published,Core V1 source set - 2026 Q3
ds_4d740680cd09d152a4b4b3d148b91a6cdd0e7157f2b152089f553c8a554ce17d,analysis_region_65523042bf292aabbadb591a1c44208fa5bb7ceaaf9e7d4735ae58933ac849b9,12067,ODER-SPREE,3708,111345,3.3302,717,832,735,97,0,22057.000,224.3797,26.1597,193.3657,5948.4898,VALIDATED,2026-07-01,2026-09-01,2026-06-30,62,published,Core V1 source set - 2026 Q3
ds_4d740680cd09d152a4b4b3d148b91a6cdd0e7157f2b152089f553c8a554ce17d,analysis_region_004c564999eb2089343840f53a73c4f09a5eff87ec86c0f135b5264cf71ee878,12068,OSTPRIGNITZ-RUPPIN,1313,60041,2.1868,143,245,143,102,0,19668.000,186.5956,77.6847,108.9109,14979.4364,VALIDATED,2026-07-01,2026-09-01,2026-06-30,62,published,Core V1 source set - 2026 Q3
ds_4d740680cd09d152a4b4b3d148b91a6cdd0e7157f2b152089f553c8a554ce17d,analysis_region_c88705bfdf7abf9e52f8e1b0e73b170dcda51554157616591aaf23ef3e9e9feb,12069,POTSDAM-MITTELMARK,6098,136352,4.4722,215,406,272,134,0,21885.000,66.5792,21.9744,35.2575,3588.8816,VALIDATED,2026-07-01,2026-09-01,2026-06-30,62,published,Core V1 source set - 2026 Q3
ds_4d740680cd09d152a4b4b3d148b91a6cdd0e7157f2b152089f553c8a554ce17d,analysis_region_b748c9d66dd08efc2d708df68ce85d964f741520b29110a8664d6b1b21062d70,12070,PRIGNITZ,875,46327,1.8887,37,74,49,25,0,4073.000,84.5714,28.5714,42.2857,4654.8571,VALIDATED,2026-07-01,2026-09-01,2026-06-30,62,published,Core V1 source set - 2026 Q3
ds_4d740680cd09d152a4b4b3d148b91a6cdd0e7157f2b152089f553c8a554ce17d,analysis_region_e379fdb5f96dfc3a8451a522792faada2f22be4b2c3f30d63cd3874abfd5ee4d,12071,SPREE-NEISSE,1363,70645,1.9294,71,141,119,22,0,3891.000,103.4483,16.1409,52.0910,2854.7322,VALIDATED,2026-07-01,2026-09-01,2026-06-30,62,published,Core V1 source set - 2026 Q3
ds_4d740680cd09d152a4b4b3d148b91a6cdd0e7157f2b152089f553c8a554ce17d,analysis_region_d57773c2f4c39940ef771dcb0162fb3980d61a9f4eeac147c08d1f1cbd709e62,12072,TELTOW-FLAEMING,4624,114049,4.0544,204,349,197,152,0,24730.000,75.4758,32.8720,44.1176,5348.1834,VALIDATED,2026-07-01,2026-09-01,2026-06-30,62,published,Core V1 source set - 2026 Q3
ds_4d740680cd09d152a4b4b3d148b91a6cdd0e7157f2b152089f553c8a554ce17d,analysis_region_46981ded00b382434fe735593f21c28aa913418a5faf900dc8a04f29962cabf6,12073,UCKERMARK,1522,68500,2.2219,144,262,173,89,0,12715.400,172.1419,58.4757,94.6124,8354.4021,VALIDATED,2026-07-01,2026-09-01,2026-06-30,62,published,Core V1 source set - 2026 Q3
ds_4d740680cd09d152a4b4b3d148b91a6cdd0e7157f2b152089f553c8a554ce17d,analysis_region_fb3f2b5c8c72b9bc50d7fe870490d54b92ed02b1e2153b583d0d9587af868b7b,13003,"ROSTOCK, STADT",2674,86839,3.0793,201,384,228,156,0,23511.000,143.6051,58.3396,75.1683,8792.4458,VALIDATED,2026-07-01,2026-09-01,2026-06-30,62,published,Core V1 source set - 2026 Q3
ds_4d740680cd09d152a4b4b3d148b91a6cdd0e7157f2b152089f553c8a554ce17d,analysis_region_965b598bf5e88a848e0ff9f9cf2bb57716cfc8bf65aba78c57a7a48f8de3058f,13004,"SCHWERIN, STADT",1406,45547,3.0869,121,218,142,76,0,9264.000,155.0498,54.0541,86.0597,6588.9047,VALIDATED,2026-07-01,2026-09-01,2026-06-30,62,published,Core V1 source set - 2026 Q3
ds_4d740680cd09d152a4b4b3d148b91a6cdd0e7157f2b152089f553c8a554ce17d,analysis_region_ed650f6556518d42aad41229705cbe0b9a6d8a871b33a8b2d755831350052c43,13071,MECKLENBURGISCHE SEENPLA,3017,147924,2.0396,263,451,300,151,0,23723.900,149.4862,50.0497,87.1727,7863.4074,VALIDATED,2026-07-01,2026-09-01,2026-06-30,62,published,Core V1 source set - 2026 Q3
ds_4d740680cd09d152a4b4b3d148b91a6cdd0e7157f2b152089f553c8a554ce17d,analysis_region_e57fd208c5661de75e8a167cf6682472848ad93695a78ee1c06deaba900379f9,13072,ROSTOCK,3869,131622,2.9395,253,466,239,227,0,36188.000,120.4446,58.6715,65.3916,9353.3213,VALIDATED,2026-07-01,2026-09-01,2026-06-30,62,published,Core V1 source set - 2026 Q3
ds_4d740680cd09d152a4b4b3d148b91a6cdd0e7157f2b152089f553c8a554ce17d,analysis_region_30fd01fab0082f9691014bbf3ca25a7e08b7751aa250fd8aa9f0f0ab8f3bee94,13073,VORPOMMERN-RUEGEN,2899,127914,2.2664,455,726,551,175,0,28196.400,250.4312,60.3656,156.9507,9726.2504,VALIDATED,2026-07-01,2026-09-01,2026-06-30,62,published,Core V1 source set - 2026 Q3
ds_4d740680cd09d152a4b4b3d148b91a6cdd0e7157f2b152089f553c8a554ce17d,analysis_region_5c51b9c58624d20bfe4d2a3bf476860b795ace9ac73c4e49d9bfb87708e9dfb7,13074,NORDWESTMECKLENBURG,2794,93790,2.9790,159,280,141,139,0,22596.000,100.2147,49.7495,56.9077,8087.3300,VALIDATED,2026-07-01,2026-09-01,2026-06-30,62,published,Core V1 source set - 2026 Q3
ds_4d740680cd09d152a4b4b3d148b91a6cdd0e7157f2b152089f553c8a554ce17d,analysis_region_44dd13b4d8ae62ed5d7b29ec7901146ac903cb1b81a02f97127f147447d9fa5c,13075,VORPOMMERN-GREIFSWALD,2532,128749,1.9666,205,370,217,153,0,24436.000,146.1295,60.4265,80.9637,9650.8689,VALIDATED,2026-07-01,2026-09-01,2026-06-30,62,published,Core V1 source set - 2026 Q3
ds_4d740680cd09d152a4b4b3d148b91a6cdd0e7157f2b152089f553c8a554ce17d,analysis_region_924c3f63dcdb98463851d527d0e1f8c4e2e86064ed57776ad8ea182d97ed8c48,13076,LUDWIGSLUST-PARCHIM,3005,131384,2.2872,180,327,153,174,0,31061.000,108.8186,57.9035,59.9002,10336.4393,VALIDATED,2026-07-01,2026-09-01,2026-06-30,62,published,Core V1 source set - 2026 Q3
ds_4d740680cd09d152a4b4b3d148b91a6cdd0e7157f2b152089f553c8a554ce17d,analysis_region_394aed870b9b06c7b553d8c99fabf573236378c739ed6e22d92d55e512de5ad4,14511,"CHEMNITZ, STADT",3736,125872,2.9681,304,539,339,200,0,28056.500,144.2719,53.5332,81.3704,7509.7698,VALIDATED,2026-07-01,2026-09-01,2026-06-30,62,published,Core V1 source set - 2026 Q3
ds_4d740680cd09d152a4b4b3d148b91a6cdd0e7157f2b152089f553c8a554ce17d,analysis_region_e15e785ff30aebbfd925fd69f6885d7a841f5de3c407dbabb2687eb8047ff62c,14521,ERZGEBIRGSKREIS,4281,203434,2.1044,268,470,362,108,0,16633.000,109.7874,25.2278,62.6022,3885.3072,VALIDATED,2026-07-01,2026-09-01,2026-06-30,62,published,Core V1 source set - 2026 Q3
ds_4d740680cd09d152a4b4b3d148b91a6cdd0e7157f2b152089f553c8a554ce17d,analysis_region_6491e671a32369f83f5d4e39fbf52e0d759ebb779b1c32fee9e371d706442bb0,14522,MITTELSACHSEN,3809,180950,2.1050,181,356,207,149,0,19055.400,93.4629,39.1179,47.5190,5002.7304,VALIDATED,2026-07-01,2026-09-01,2026-06-30,62,published,Core V1 source set - 2026 Q3
ds_4d740680cd09d152a4b4b3d148b91a6cdd0e7157f2b152089f553c8a554ce17d,analysis_region_73679490e7fb10c1c119572a705248cdea0cf5d54344c0fe67142682f0091112,14523,VOGTLANDKREIS,2903,136916,2.1203,162,303,199,104,0,15456.700,104.3748,35.8250,55.8043,5324.3886,VALIDATED,2026-07-01,2026-09-01,2026-06-30,62,published,Core V1 source set - 2026 Q3
ds_4d740680cd09d152a4b4b3d148b91a6cdd0e7157f2b152089f553c8a554ce17d,analysis_region_15befc8af148ad8c7fa7e1c3d00248665d2f4e7090e1868cfe6c194d4c554ca0,14524,ZWICKAU,4833,186757,2.5879,431,758,569,189,0,31831.400,156.8384,39.1061,89.1786,6586.2611,VALIDATED,2026-07-01,2026-09-01,2026-06-30,62,published,Core V1 source set - 2026 Q3
ds_4d740680cd09d152a4b4b3d148b91a6cdd0e7157f2b152089f553c8a554ce17d,analysis_region_63fe6ae3d15c8c2e4769f25572e41040fcff955f5d9bbaf8858af31132b23758,14612,"DRESDEN, STADT",7759,230013,3.3733,571,1133,781,352,0,49205.000,146.0240,45.3667,73.5920,6341.6677,VALIDATED,2026-07-01,2026-09-01,2026-06-30,62,published,Core V1 source set - 2026 Q3
ds_4d740680cd09d152a4b4b3d148b91a6cdd0e7157f2b152089f553c8a554ce17d,analysis_region_60a67bc5a10a60efae78fa26ce0bd6be12387a6c84c587ef60a4e15d4e0e232f,14625,BAUTZEN,3905,182403,2.1409,245,460,313,147,0,20986.000,117.7977,37.6440,62.7401,5374.1357,VALIDATED,2026-07-01,2026-09-01,2026-06-30,62,published,Core V1 source set - 2026 Q3
ds_4d740680cd09d152a4b4b3d148b91a6cdd0e7157f2b152089f553c8a554ce17d,analysis_region_f4ffd633997c8d1d68356dd689da28bf3f7f3d11d4ad6825d96e8e0df1a70db8,14626,GOERLITZ,2079,143514,1.4486,152,284,212,72,0,9778.000,136.6041,34.6320,73.1121,4703.2227,VALIDATED,2026-07-01,2026-09-01,2026-06-30,62,published,Core V1 source set - 2026 Q3
ds_4d740680cd09d152a4b4b3d148b91a6cdd0e7157f2b152089f553c8a554ce17d,analysis_region_36ff5831394dbb1aec345d5ea8cc3647c985e1b0bed2a2999b04f37d4c097c07,14627,MEISSEN,3387,142087,2.3838,183,352,169,183,0,26102.000,103.9268,54.0301,54.0301,7706.5249,VALIDATED,2026-07-01,2026-09-01,2026-06-30,62,published,Core V1 source set - 2026 Q3
ds_4d740680cd09d152a4b4b3d148b91a6cdd0e7157f2b152089f553c8a554ce17d,analysis_region_d61f4a42f347dcc5ea7c3e351c301fbb394b0cfec4652bea181c9a15a8455394,14628,SAECHS.SCHWEIZ-OSTERZGEB,3435,147425,2.3300,197,376,243,133,0,16855.700,109.4614,38.7191,57.3508,4907.0451,VALIDATED,2026-07-01,2026-09-01,2026-06-30,62,published,Core V1 source set - 2026 Q3
ds_4d740680cd09d152a4b4b3d148b91a6cdd0e7157f2b152089f553c8a554ce17d,analysis_region_e890da76c1f780667a97af52bdc76ba4573114e314be872292187cfd6e7485cf,14713,"LEIPZIG, STADT",8361,234575,3.5643,731,1371,1094,277,0,46036.400,163.9756,33.1300,87.4297,5506.0878,VALIDATED,2026-07-01,2026-09-01,2026-06-30,62,published,Core V1 source set - 2026 Q3
ds_4d740680cd09d152a4b4b3d148b91a6cdd0e7157f2b152089f553c8a554ce17d,analysis_region_4a0cf4ef54d75def20e4d44f8db7eaf080c1e194928626d99d9e990c17e6e0a4,14729,LEIPZIG,4678,159514,2.9327,238,444,278,166,0,19606.200,94.9124,35.4853,50.8764,4191.1501,VALIDATED,2026-07-01,2026-09-01,2026-06-30,62,published,Core V1 source set - 2026 Q3
ds_4d740680cd09d152a4b4b3d148b91a6cdd0e7157f2b152089f553c8a554ce17d,analysis_region_b6306d4ceb7f6da244b12be0f57eba46eabbd32c4b699df09c48093ba5fd28f6,14730,NORDSACHSEN,2908,119171,2.4402,156,280,131,149,0,21188.900,96.2861,51.2380,53.6451,7286.4168,VALIDATED,2026-07-01,2026-09-01,2026-06-30,62,published,Core V1 source set - 2026 Q3
ds_4d740680cd09d152a4b4b3d148b91a6cdd0e7157f2b152089f553c8a554ce17d,analysis_region_d5cc19a116698dae34b72b26dcdbb797994ff835b0570b90081b985183098a24,15001,"DESSAU-ROSSLAU,STADT",1028,41347,2.4863,66,134,96,38,0,5430.000,130.3502,36.9650,64.2023,5282.1012,VALIDATED,2026-07-01,2026-09-01,2026-06-30,62,published,Core V1 source set - 2026 Q3
ds_4d740680cd09d152a4b4b3d148b91a6cdd0e7157f2b152089f553c8a554ce17d,analysis_region_aae5400f51ea8c980d8e6665ffaf1b96ed46d09ce82f0de79de13f6f6e7d2212,15002,"HALLE (SAALE),STADT",2421,94423,2.5640,173,347,218,129,0,17177.000,143.3292,53.2838,71.4581,7095.0021,VALIDATED,2026-07-01,2026-09-01,2026-06-30,62,published,Core V1 source set - 2026 Q3
ds_4d740680cd09d152a4b4b3d148b91a6cdd0e7157f2b152089f553c8a554ce17d,analysis_region_f373619c903b91d5907d0b02db421a6ba23ac088605e979c2c7491206323b76e,15003,"MAGDEBURG, STADT",3508,112526,3.1175,273,559,323,236,0,36684.000,159.3501,67.2748,77.8221,10457.2406,VALIDATED,2026-07-01,2026-09-01,2026-06-30,62,published,Core V1 source set - 2026 Q3
ds_4d740680cd09d152a4b4b3d148b91a6cdd0e7157f2b152089f553c8a554ce17d,analysis_region_87b61badd45c45764c8314bb9549a0a90fded453d80827841856621626ea2890,15081,ALTMARKKREIS SALZWEDEL,1228,50752,2.4196,61,127,77,50,0,7110.000,103.4202,40.7166,49.6743,5789.9023,VALIDATED,2026-07-01,2026-09-01,2026-06-30,62,published,Core V1 source set - 2026 Q3
ds_4d740680cd09d152a4b4b3d148b91a6cdd0e7157f2b152089f553c8a554ce17d,analysis_region_7a4d377e93b744a3952cd1fd4bfcdd27909a4167b81b8fec05d6c3a9b306385b,15082,ANHALT-BITTERFELD,1989,93341,2.1309,168,289,181,108,0,19783.000,145.2991,54.2986,84.4646,9946.2041,VALIDATED,2026-07-01,2026-09-01,2026-06-30,62,published,Core V1 source set - 2026 Q3
ds_4d740680cd09d152a4b4b3d148b91a6cdd0e7157f2b152089f553c8a554ce17d,analysis_region_43a7ce1cf200a3920a1048d78e2541b0c93dc5e811257f8fa55cad31fd028928,15083,BOERDE,2920,108388,2.6940,195,342,169,173,0,29864.000,117.1233,59.2466,66.7808,10227.3973,VALIDATED,2026-07-01,2026-09-01,2026-06-30,62,published,Core V1 source set - 2026 Q3
ds_4d740680cd09d152a4b4b3d148b91a6cdd0e7157f2b152089f553c8a554ce17d,analysis_region_f10e2bbeacee64ebb1c5134f0acc08f4bf1e6422cc5032939eb75a4149a45b82,15084,BURGENLANDKREIS,2149,103239,2.0816,150,274,147,127,0,17304.000,127.5012,59.0973,69.7999,8052.1173,VALIDATED,2026-07-01,2026-09-01,2026-06-30,62,published,Core V1 source set - 2026 Q3
ds_4d740680cd09d152a4b4b3d148b91a6cdd0e7157f2b152089f553c8a554ce17d,analysis_region_f51a732fe14ccf6bfb08fd4eaeebd1e8beb38bcd747a0e276ccd4e40bfa7ee97,15085,HARZ,3042,123413,2.4649,219,419,270,149,0,21960.000,137.7383,48.9809,71.9921,7218.9349,VALIDATED,2026-07-01,2026-09-01,2026-06-30,62,published,Core V1 source set - 2026 Q3
ds_4d740680cd09d152a4b4b3d148b91a6cdd0e7157f2b152089f553c8a554ce17d,analysis_region_c3a5d0ac24915d698dc884d8875f0d0e55a8485a3808353ad3cd610e6fd2b504,15086,JERICHOWER LAND,1405,55224,2.5442,48,81,41,40,0,6142.000,57.6512,28.4698,34.1637,4371.5302,VALIDATED,2026-07-01,2026-09-01,2026-06-30,62,published,Core V1 source set - 2026 Q3
ds_4d740680cd09d152a4b4b3d148b91a6cdd0e7157f2b152089f553c8a554ce17d,analysis_region_b52ac2ea8cb0688d789a9dedace75c1a63b3c2fa93864172b1ada4893eef2220,15087,MANSFELD-SUEDHARZ,1479,79070,1.8705,129,250,156,94,0,13424.000,169.0331,63.5565,87.2211,9076.4030,VALIDATED,2026-07-01,2026-09-01,2026-06-30,62,published,Core V1 source set - 2026 Q3
ds_4d740680cd09d152a4b4b3d148b91a6cdd0e7157f2b152089f553c8a554ce17d,analysis_region_f048b75b4b538245c6f3075f5e861b24a1fbd0b57564d44284171084a24f0550,15088,SAALEKREIS,2883,116775,2.4689,154,275,183,92,0,16497.000,95.3867,31.9112,53.4166,5722.1644,VALIDATED,2026-07-01,2026-09-01,2026-06-30,62,published,Core V1 source set - 2026 Q3
ds_4d740680cd09d152a4b4b3d148b91a6cdd0e7157f2b152089f553c8a554ce17d,analysis_region_8f4b9ab0dc3feefc82d9b3fee9975d0dd92ef5bcb5613dbf1014745413292943,15089,SALZLANDKREIS,2114,104920,2.0149,133,259,130,129,0,15584.100,122.5166,61.0218,62.9139,7371.8543,VALIDATED,2026-07-01,2026-09-01,2026-06-30,62,published,Core V1 source set - 2026 Q3
ds_4d740680cd09d152a4b4b3d148b91a6cdd0e7157f2b152089f553c8a554ce17d,analysis_region_87099a31e9b3638846027b920e9b784e5df46af796f59e35c65d11583ad87aea,15090,STENDAL,1382,63873,2.1637,157,288,201,87,0,10499.000,208.3936,62.9522,113.6035,7596.9609,VALIDATED,2026-07-01,2026-09-01,2026-06-30,62,published,Core V1 source set - 2026 Q3
ds_4d740680cd09d152a4b4b3d148b91a6cdd0e7157f2b152089f553c8a554ce17d,analysis_region_f65843901656d77b7cce0aba4a03d56bf5d44a0ebe7f315e57a14e941a93038a,15091,WITTENBERG,1568,76062,2.0615,52,95,49,46,0,6365.000,60.5867,29.3367,33.1633,4059.3112,VALIDATED,2026-07-01,2026-09-01,2026-06-30,62,published,Core V1 source set - 2026 Q3
ds_4d740680cd09d152a4b4b3d148b91a6cdd0e7157f2b152089f553c8a554ce17d,analysis_region_32242f1485de69362d2e85a720282ca8f7ab1fc494fc065ec7361bf5bf077cc1,16051,"ERFURT, STADT",3824,98694,3.8746,266,483,335,148,0,21613.000,126.3075,38.7029,69.5607,5651.9351,VALIDATED,2026-07-01,2026-09-01,2026-06-30,62,published,Core V1 source set - 2026 Q3
ds_4d740680cd09d152a4b4b3d148b91a6cdd0e7157f2b152089f553c8a554ce17d,analysis_region_f1829ccab0768ab60544778bdfd39eeaf6e3d5ca1be156293f446e2ce06244d5,16052,"GERA, STADT",1065,45861,2.3222,121,241,142,99,0,15433.000,226.2911,92.9577,113.6150,14491.0798,VALIDATED,2026-07-01,2026-09-01,2026-06-30,62,published,Core V1 source set - 2026 Q3
ds_4d740680cd09d152a4b4b3d148b91a6cdd0e7157f2b152089f553c8a554ce17d,analysis_region_1cc86336fce090d99cf1e93c85373e2723d90af7e73c2507a065f260cd941aea,16053,"JENA, STADT",1720,44984,3.8236,201,329,271,58,0,10033.700,191.2791,33.7209,116.8605,5833.5465,VALIDATED,2026-07-01,2026-09-01,2026-06-30,62,published,Core V1 source set - 2026 Q3
ds_4d740680cd09d152a4b4b3d148b91a6cdd0e7157f2b152089f553c8a554ce17d,analysis_region_f89767767ecaf53e250dd657df1bed6116dec7d470259655e947c5a6063897ea,16054,"SUHL, STADT",472,19066,2.4756,46,75,50,25,0,3481.000,158.8983,52.9661,97.4576,7375.0000,VALIDATED,2026-07-01,2026-09-01,2026-06-30,62,published,Core V1 source set - 2026 Q3
ds_4d740680cd09d152a4b4b3d148b91a6cdd0e7157f2b152089f553c8a554ce17d,analysis_region_0c9f9c739a4fd02b50cdd45460c7be8904cbda221b1efa2ef1fee99de33e2bc3,16055,"WEIMAR, STADT",1268,30374,4.1746,118,193,142,51,0,8061.000,152.2082,40.2208,93.0599,6357.2555,VALIDATED,2026-07-01,2026-09-01,2026-06-30,62,published,Core V1 source set - 2026 Q3
ds_4d740680cd09d152a4b4b3d148b91a6cdd0e7157f2b152089f553c8a554ce17d,analysis_region_dfaea2c8e506b0f3d77ada2673d5f8f73a1c5e2c425ee75c9e439efb11aa6e62,16061,EICHSFELD,2305,65327,3.5284,101,214,147,67,0,11483.400,92.8416,29.0672,43.8178,4981.9523,VALIDATED,2026-07-01,2026-09-01,2026-06-30,62,published,Core V1 source set - 2026 Q3
ds_4d740680cd09d152a4b4b3d148b91a6cdd0e7157f2b152089f553c8a554ce17d,analysis_region_0519c695b25c1eea01ad075aec054c6cda8c77b6a467618eb0f53f75ec49d2c9,16062,NORDHAUSEN,1054,47258,2.2303,87,158,49,109,0,15081.000,149.9051,103.4156,82.5427,14308.3491,VALIDATED,2026-07-01,2026-09-01,2026-06-30,62,published,Core V1 source set - 2026 Q3
ds_4d740680cd09d152a4b4b3d148b91a6cdd0e7157f2b152089f553c8a554ce17d,analysis_region_41fe424d290f31e0167ed46123dba510ebb657e75472de88e690fa93a486b23f,16063,WARTBURGKREIS,2278,95358,2.3889,169,331,237,94,0,13627.700,145.3029,41.2643,74.1879,5982.3090,VALIDATED,2026-07-01,2026-09-01,2026-06-30,62,published,Core V1 source set - 2026 Q3
ds_4d740680cd09d152a4b4b3d148b91a6cdd0e7157f2b152089f553c8a554ce17d,analysis_region_4b37f374bb9fb53b50a0081c4b8ee1854af594dbb986a77d184443090193f70a,16064,UNSTRUT-HAINICH-KREIS,1581,54170,2.9186,75,132,60,72,0,7888.000,83.4915,45.5408,47.4383,4989.2473,VALIDATED,2026-07-01,2026-09-01,2026-06-30,62,published,Core V1 source set - 2026 Q3
ds_4d740680cd09d152a4b4b3d148b91a6cdd0e7157f2b152089f553c8a554ce17d,analysis_region_80a259fff10361641eb77019c8f16ef87bc31938e3728d00e86497e5073e799a,16065,KYFFHAEUSERKREIS,780,43942,1.7751,35,74,53,21,0,2554.000,94.8718,26.9231,44.8718,3274.3590,VALIDATED,2026-07-01,2026-09-01,2026-06-30,62,published,Core V1 source set - 2026 Q3
ds_4d740680cd09d152a4b4b3d148b91a6cdd0e7157f2b152089f553c8a554ce17d,analysis_region_c38170f223c1d18272d545afe0f1e3ae5a47dca4789eda5f7f18fb7a1b751979,16066,SCHMALKALDEN-MEININGEN,1710,75840,2.2547,131,230,142,88,0,15882.000,134.5029,51.4620,76.6082,9287.7193,VALIDATED,2026-07-01,2026-09-01,2026-06-30,62,published,Core V1 source set - 2026 Q3
ds_4d740680cd09d152a4b4b3d148b91a6cdd0e7157f2b152089f553c8a554ce17d,analysis_region_ae0789e30c2c340167ca696101ac82e2118affc8bcd2377311023bffaf9ce67c,16067,GOTHA,2087,76856,2.7155,139,252,135,117,0,16784.000,120.7475,56.0613,66.6028,8042.1658,VALIDATED,2026-07-01,2026-09-01,2026-06-30,62,published,Core V1 source set - 2026 Q3
ds_4d740680cd09d152a4b4b3d148b91a6cdd0e7157f2b152089f553c8a554ce17d,analysis_region_2af3838ebdf27931bea41fdea5262e0f409a80e40abf1fdc2b64b6cfc1ebaa53,16068,SOEMMERDA,1005,40743,2.4667,43,81,51,30,0,3481.000,80.5970,29.8507,42.7861,3463.6816,VALIDATED,2026-07-01,2026-09-01,2026-06-30,62,published,Core V1 source set - 2026 Q3
ds_4d740680cd09d152a4b4b3d148b91a6cdd0e7157f2b152089f553c8a554ce17d,analysis_region_53f9d620f4d9fde5a80bdd76669f0207f42d45c8068dbf4ec522a0472bd3fe07,16069,HILDBURGHAUSEN,876,38976,2.2475,55,105,74,31,0,3590.000,119.8630,35.3881,62.7854,4098.1735,VALIDATED,2026-07-01,2026-09-01,2026-06-30,62,published,Core V1 source set - 2026 Q3
ds_4d740680cd09d152a4b4b3d148b91a6cdd0e7157f2b152089f553c8a554ce17d,analysis_region_11d6c16e42e6e70c78e093d1224ea6e786f3534408cb3f712d16730febf0caec,16070,ILM-KREIS,1800,59187,3.0412,128,215,121,94,0,14879.000,119.4444,52.2222,71.1111,8266.1111,VALIDATED,2026-07-01,2026-09-01,2026-06-30,62,published,Core V1 source set - 2026 Q3
ds_4d740680cd09d152a4b4b3d148b91a6cdd0e7157f2b152089f553c8a554ce17d,analysis_region_08b6f0882dbb45842880d5240eba219c1ac903dca0205fef958e31bf2550dcfe,16071,WEIMARER-LAND,1452,49812,2.9150,96,182,99,83,0,10598.000,125.3444,57.1625,66.1157,7298.8981,VALIDATED,2026-07-01,2026-09-01,2026-06-30,62,published,Core V1 source set - 2026 Q3
ds_4d740680cd09d152a4b4b3d148b91a6cdd0e7157f2b152089f553c8a554ce17d,analysis_region_cb44530c86106e11504aaeafd119bf8e49e86a4c27e4a07f06e545b4418f5015,16072,SONNEBERG,686,34291,2.0005,44,86,57,29,0,2522.000,125.3644,42.2741,64.1399,3676.3848,VALIDATED,2026-07-01,2026-09-01,2026-06-30,62,published,Core V1 source set - 2026 Q3
ds_4d740680cd09d152a4b4b3d148b91a6cdd0e7157f2b152089f553c8a554ce17d,analysis_region_6f80c55ff7de9b271e6c8c9b1b952d79cfba0cfa89ff11ae0402982ffde5dd2b,16073,SAALFELD-RUDOLSTADT,1370,59527,2.3015,107,198,136,62,0,7144.000,144.5255,45.2555,78.1022,5214.5985,VALIDATED,2026-07-01,2026-09-01,2026-06-30,62,published,Core V1 source set - 2026 Q3
ds_4d740680cd09d152a4b4b3d148b91a6cdd0e7157f2b152089f553c8a554ce17d,analysis_region_0eb400f467d9126292a4d67f09450d0a53e457eaf4db850fa3253886e7cef3ed,16074,SAALE-HOLZLANDKREIS,1412,49916,2.8288,106,195,76,119,0,15279.000,138.1020,84.2776,75.0708,10820.8215,VALIDATED,2026-07-01,2026-09-01,2026-06-30,62,published,Core V1 source set - 2026 Q3
ds_4d740680cd09d152a4b4b3d148b91a6cdd0e7157f2b152089f553c8a554ce17d,analysis_region_29c89f570c7d66e97ecfa59dcd29adb8fcb2d9845e8f5a6faf1e84623c550619,16075,SAALE-ORLA-KREIS,958,49978,1.9168,132,223,82,141,0,26935.000,232.7766,147.1816,137.7871,28115.8664,VALIDATED,2026-07-01,2026-09-01,2026-06-30,62,published,Core V1 source set - 2026 Q3
ds_4d740680cd09d152a4b4b3d148b91a6cdd0e7157f2b152089f553c8a554ce17d,analysis_region_754c6c2a4a2497f3ce5c4c4164f40a55ca20cb844f9c0489d11d3b9e305f63a1,16076,GREIZ,1303,59846,2.1773,52,99,53,46,0,7071.000,75.9785,35.3031,39.9079,5426.7076,VALIDATED,2026-07-01,2026-09-01,2026-06-30,62,published,Core V1 source set - 2026 Q3
ds_4d740680cd09d152a4b4b3d148b91a6cdd0e7157f2b152089f553c8a554ce17d,analysis_region_c37551977cba29d499cf5723eb3d0407e34b1d176646af5393bf242e3afecafe,16077,ALTENBURGER LAND,1020,51316,1.9877,65,115,59,56,0,7852.000,112.7451,54.9020,63.7255,7698.0392,VALIDATED,2026-07-01,2026-09-01,2026-06-30,62,published,Core V1 source set - 2026 Q3
